"","PLAYERS","NB_APPEARANCES","TOTAL_NB_MATCHES","WINRATE_AVERAGE","WINRATE_95_MIN","WINRATE_95_MAX","TOTAL_POINTS","ARCHETYPE_NAMES","ARCHETYPE_COUNT","URL"
"1","coert",4,34,0.794117647058823,0.621022251460317,0.912978694541873,81,"Heliod Combo","4","https://magic.wizards.com/en/articles/archive/mtgo-standings/modern-challenge-2020-09-21#coert_st_place; https://magic.wizards.com/en/articles/archive/mtgo-standings/modern-challenge-2020-09-28#coert_th_place; https://magic.wizards.com/en/articles/archive/mtgo-standings/modern-challenge-2020-10-05#coert_th_place; https://magic.wizards.com/en/articles/archive/mtgo-standings/modern-challenge-2020-10-12#coert_th_place"
"2","AstralPlane",5,38,0.684210526315789,0.513472945593978,0.824974661098873,78,"Rakdos Prowess; Shadow Prowess; Omnath Saheeli","2; 2; 1","https://magic.wizards.com/en/articles/archive/mtgo-standings/modern-challenge-2020-09-20#astralplane_th_place; https://magic.wizards.com/en/articles/archive/mtgo-standings/modern-challenge-2020-09-21#astralplane_th_place; https://magic.wizards.com/en/articles/archive/mtgo-standings/modern-showcase-challenge-2020-10-04#astralplane_th_place; https://magic.wizards.com/en/articles/archive/mtgo-standings/modern-challenge-2020-10-05#astralplane_th_place; https://magic.wizards.com/en/articles/archive/mtgo-standings/modern-challenge-2020-10-18#astralplane_th_place"
"3","Metcalf23",4,33,0.727272727272727,0.544761572239218,0.867003611289185,72,"Mono White Taxes","4","https://magic.wizards.com/en/articles/archive/mtgo-standings/modern-challenge-2020-09-20#metcalf_th_place; https://magic.wizards.com/en/articles/archive/mtgo-standings/modern-challenge-2020-09-27#metcalf_st_place; https://magic.wizards.com/en/articles/archive/mtgo-standings/modern-challenge-2020-10-11#metcalf_st_place; https://magic.wizards.com/en/articles/archive/mtgo-standings/modern-challenge-2020-10-18#metcalf_th_place"
"4","Parrit",3,27,0.814814814814815,0.619170120906006,0.936999993462323,66,"Mono White Taxes","3","https://magic.wizards.com/en/articles/archive/mtgo-standings/modern-showcase-challenge-2020-10-04#parrit_th_place; https://magic.wizards.com/en/articles/archive/mtgo-standings/modern-challenge-2020-10-05#parrit_st_place; https://magic.wizards.com/en/articles/archive/mtgo-standings/modern-challenge-2020-10-11#parrit_th_place"
"5","kanister",3,26,0.807692307692308,0.606494472060678,0.934451891263217,63,"Oops All Spells; Humans; Omnath Saheeli","1; 1; 1","https://magic.wizards.com/en/articles/archive/mtgo-standings/modern-challenge-2020-09-27#kanister_st_place; https://magic.wizards.com/en/articles/archive/mtgo-standings/modern-showcase-challenge-2020-10-04#kanister_th_place; https://magic.wizards.com/en/articles/archive/mtgo-standings/modern-challenge-2020-10-12#kanister_st_place"
"6","Xwhale",4,30,0.666666666666667,0.47187995521012,0.827125778473961,60,"Humans; Reclaimer Titan","3; 1","https://magic.wizards.com/en/articles/archive/mtgo-standings/modern-challenge-2020-09-20#xwhale_th_place; https://magic.wizards.com/en/articles/archive/mtgo-standings/modern-challenge-2020-09-21#xwhale_th_place; https://magic.wizards.com/en/articles/archive/mtgo-standings/modern-champs-2020-09-21#xwhale_th_place; https://magic.wizards.com/en/articles/archive/mtgo-standings/modern-challenge-2020-10-18#xwhale_th_place"
"7","NorrathDecay",4,30,0.666666666666667,0.47187995521012,0.827125778473961,60,"Burn; Eldrazi Tron","3; 1","https://magic.wizards.com/en/articles/archive/mtgo-standings/modern-challenge-2020-09-21#norrathdecay_th_place; https://magic.wizards.com/en/articles/archive/mtgo-standings/modern-showcase-challenge-2020-10-04#norrathdecay_th_place; https://magic.wizards.com/en/articles/archive/mtgo-standings/modern-challenge-2020-10-05#norrathdecay_th_place; https://magic.wizards.com/en/articles/archive/mtgo-standings/modern-challenge-2020-10-12#norrathdecay_th_place"
"8","DaniMRebel",3,26,0.730769230769231,0.522125210306169,0.884267786708496,57,"Spirits","3","https://magic.wizards.com/en/articles/archive/mtgo-standings/modern-challenge-2020-09-21#danimrebel_nd_place; https://magic.wizards.com/en/articles/archive/mtgo-standings/modern-challenge-2020-09-28#danimrebel_rd_place; https://magic.wizards.com/en/articles/archive/mtgo-standings/modern-challenge-2020-10-18#danimrebel_th_place"
"9","staffmat1992",4,29,0.620689655172414,0.422604640664401,0.793131300513493,54,"Gruul Midrange; Spirits; Dredge","1; 2; 1","https://magic.wizards.com/en/articles/archive/mtgo-standings/modern-challenge-2020-09-20#staffmat_th_place; https://magic.wizards.com/en/articles/archive/mtgo-standings/modern-challenge-2020-10-11#staffmat_th_place; https://magic.wizards.com/en/articles/archive/mtgo-standings/modern-challenge-2020-10-12#staffmat_th_place; https://magic.wizards.com/en/articles/archive/mtgo-standings/modern-challenge-2020-10-18#staffmat_th_place"
"10","ZYURYO",4,28,0.642857142857143,0.440650312746667,0.813593339999555,54,"WURG Control","4","https://magic.wizards.com/en/articles/archive/mtgo-standings/modern-challenge-2020-09-27#zyuryo_th_place; https://magic.wizards.com/en/articles/archive/mtgo-standings/modern-challenge-2020-09-28#zyuryo_th_place; https://magic.wizards.com/en/articles/archive/mtgo-standings/modern-challenge-2020-10-05#zyuryo_th_place; https://magic.wizards.com/en/articles/archive/mtgo-standings/modern-challenge-2020-10-12#zyuryo_th_place"
"11","SebastianStueckl",4,28,0.607142857142857,0.405768206487563,0.784957170839039,51,"Sultai Control; Belcher; Gruul Midrange; Mono White Taxes","1; 1; 1; 1","https://magic.wizards.com/en/articles/archive/mtgo-standings/modern-challenge-2020-09-20#sebastianstueckl_rd_place; https://magic.wizards.com/en/articles/archive/mtgo-standings/modern-challenge-2020-09-21#sebastianstueckl_th_place; https://magic.wizards.com/en/articles/archive/mtgo-standings/modern-champs-2020-09-21#sebastianstueckl_th_place; https://magic.wizards.com/en/articles/archive/mtgo-standings/modern-challenge-2020-10-12#sebastianstueckl_th_place"
"12","kiko",3,24,0.708333333333333,0.489052186142167,0.873847911476309,51,"Jeskai Taxes; Mono White Taxes","1; 2","https://magic.wizards.com/en/articles/archive/mtgo-standings/modern-challenge-2020-09-20#kiko_th_place; https://magic.wizards.com/en/articles/archive/mtgo-standings/modern-challenge-2020-09-27#kiko_th_place; https://magic.wizards.com/en/articles/archive/mtgo-standings/modern-challenge-2020-10-05#kiko_nd_place"
"13","HouseOfManaMTG",3,23,0.695652173913043,0.470808333991493,0.8678971203019,48,"Amulet Titan","3","https://magic.wizards.com/en/articles/archive/mtgo-standings/modern-challenge-2020-09-21#houseofmanamtg_th_place; https://magic.wizards.com/en/articles/archive/mtgo-standings/modern-challenge-2020-09-28#houseofmanamtg_th_place; https://magic.wizards.com/en/articles/archive/mtgo-standings/modern-challenge-2020-10-18#houseofmanamtg_th_place"
"14","D00mwake",2,19,0.842105263157895,0.604215448733326,0.966173750998235,48,"Mill; Shadow Prowess","1; 1","https://magic.wizards.com/en/articles/archive/mtgo-standings/modern-champs-2020-09-21#dmwake_th_place; https://magic.wizards.com/en/articles/archive/mtgo-standings/modern-showcase-challenge-2020-10-04#dmwake_st_place"
"15","Mateusf34",3,21,0.714285714285714,0.478248881752886,0.887190596078059,45,"Eldrazi Tron","3","https://magic.wizards.com/en/articles/archive/mtgo-standings/modern-challenge-2020-09-21#mateusf_th_place; https://magic.wizards.com/en/articles/archive/mtgo-standings/modern-challenge-2020-09-28#mateusf_th_place; https://magic.wizards.com/en/articles/archive/mtgo-standings/modern-challenge-2020-10-12#mateusf_th_place"
"16","pootisgodsamongus",2,19,0.789473684210526,0.544346918108494,0.93947546229071,45,"Obosh Aggro","2","https://magic.wizards.com/en/articles/archive/mtgo-standings/modern-champs-2020-09-21#pootisgodsamongus_st_place; https://magic.wizards.com/en/articles/archive/mtgo-standings/modern-showcase-challenge-2020-10-04#pootisgodsamongus_nd_place"
"17","TuggaNaxos",2,18,0.833333333333333,0.585822508605226,0.964214916878425,45,"Burn; Shadow Prowess","1; 1","https://magic.wizards.com/en/articles/archive/mtgo-standings/modern-challenge-2020-09-27#tugganaxos_th_place; https://magic.wizards.com/en/articles/archive/mtgo-standings/modern-challenge-2020-09-28#tugganaxos_st_place"
"18","Rav104",3,23,0.652173913043478,0.427343963036494,0.83623640162505,45,"Oops All Spells; Izzet Prowess; Shadow Prowess","1; 1; 1","https://magic.wizards.com/en/articles/archive/mtgo-standings/modern-showcase-challenge-2020-10-04#rav_th_place; https://magic.wizards.com/en/articles/archive/mtgo-standings/modern-challenge-2020-10-11#rav_th_place; https://magic.wizards.com/en/articles/archive/mtgo-standings/modern-challenge-2020-10-12#rav_th_place"
"19","Trid0n",3,21,0.666666666666667,0.430324517095876,0.854123057656903,42,"Bogles; Belcher","2; 1","https://magic.wizards.com/en/articles/archive/mtgo-standings/modern-challenge-2020-09-20#tridn_nd_place; https://magic.wizards.com/en/articles/archive/mtgo-standings/modern-challenge-2020-09-21#tridn_th_place; https://magic.wizards.com/en/articles/archive/mtgo-standings/modern-challenge-2020-10-05#tridn_th_place"
"20","audio336",2,17,0.823529411764706,0.565682127155716,0.962014931929374,42,"Shadow Prowess","2","https://magic.wizards.com/en/articles/archive/mtgo-standings/modern-challenge-2020-09-28#audio_th_place; https://magic.wizards.com/en/articles/archive/mtgo-standings/modern-showcase-challenge-2020-10-04#audio_th_place"
"21","NHA37",2,17,0.823529411764706,0.565682127155716,0.962014931929374,42,"Heliod Combo","2","https://magic.wizards.com/en/articles/archive/mtgo-standings/modern-challenge-2020-10-11#nha_th_place; https://magic.wizards.com/en/articles/archive/mtgo-standings/modern-challenge-2020-10-18#nha_st_place"
"22","Erik157751",3,21,0.619047619047619,0.384354390378646,0.818928374459827,39,"Sultai Shadow; Shadow Prowess","1; 2","https://magic.wizards.com/en/articles/archive/mtgo-standings/modern-challenge-2020-09-20#erik_th_place; https://magic.wizards.com/en/articles/archive/mtgo-standings/modern-challenge-2020-09-28#erik_th_place; https://magic.wizards.com/en/articles/archive/mtgo-standings/modern-challenge-2020-10-05#erik_th_place"
"23","NosonosaN",2,18,0.722222222222222,0.465198034416944,0.903050787474441,39,"WURG Control","2","https://magic.wizards.com/en/articles/archive/mtgo-standings/modern-showcase-challenge-2020-10-04#nosonosan_rd_place; https://magic.wizards.com/en/articles/archive/mtgo-standings/modern-challenge-2020-10-12#nosonosan_rd_place"
"24","Bullwinkkle6705",2,16,0.75,0.476229180103872,0.927337961747118,36,"WURG Control; UBRG Control","1; 1","https://magic.wizards.com/en/articles/archive/mtgo-standings/modern-challenge-2020-09-20#bullwinkkle_st_place; https://magic.wizards.com/en/articles/archive/mtgo-standings/modern-challenge-2020-09-27#bullwinkkle_th_place"
"25","Kurusu",3,21,0.571428571428571,0.340206309280275,0.78180314311487,36,"Kiki Chord","3","https://magic.wizards.com/en/articles/archive/mtgo-standings/modern-challenge-2020-09-21#kurusu_th_place; https://magic.wizards.com/en/articles/archive/mtgo-standings/modern-challenge-2020-10-05#kurusu_th_place; https://magic.wizards.com/en/articles/archive/mtgo-standings/modern-challenge-2020-10-12#kurusu_th_place"
"26","Sodeq",2,15,0.8,0.519108866193147,0.956687994894163,36,"Ad Nauseam; Dredge","1; 1","https://magic.wizards.com/en/articles/archive/mtgo-standings/modern-challenge-2020-09-27#sodeq_th_place; https://magic.wizards.com/en/articles/archive/mtgo-standings/modern-challenge-2020-10-18#sodeq_th_place"
"27","bigjc00",2,16,0.75,0.476229180103872,0.927337961747118,36,"Amulet Titan","2","https://magic.wizards.com/en/articles/archive/mtgo-standings/modern-showcase-challenge-2020-10-04#bigjc_th_place; https://magic.wizards.com/en/articles/archive/mtgo-standings/modern-challenge-2020-10-11#bigjc_rd_place"
"28","Zar0s",2,16,0.75,0.476229180103872,0.927337961747118,36,"Niv To Light; Shadow Prowess","1; 1","https://magic.wizards.com/en/articles/archive/mtgo-standings/modern-showcase-challenge-2020-10-04#zars_th_place; https://magic.wizards.com/en/articles/archive/mtgo-standings/modern-challenge-2020-10-05#zars_th_place"
"29","exoticherman",2,17,0.705882352941177,0.440417281245663,0.89686448562968,36,"Shadow Prowess; Jund Shadow","1; 1","https://magic.wizards.com/en/articles/archive/mtgo-standings/modern-showcase-challenge-2020-10-04#exoticherman_th_place; https://magic.wizards.com/en/articles/archive/mtgo-standings/modern-challenge-2020-10-18#exoticherman_th_place"
"30","trader08111",2,15,0.733333333333333,0.448996758963029,0.922128453708956,33,"Gruul Midrange","2","https://magic.wizards.com/en/articles/archive/mtgo-standings/modern-challenge-2020-09-21#trader_th_place; https://magic.wizards.com/en/articles/archive/mtgo-standings/modern-challenge-2020-09-27#trader_nd_place"
"31","Smdster",2,15,0.666666666666667,0.383803732541154,0.881758896633119,30,"Temur Control","2","https://magic.wizards.com/en/articles/archive/mtgo-standings/modern-challenge-2020-09-20#smdster_th_place; https://magic.wizards.com/en/articles/archive/mtgo-standings/modern-challenge-2020-09-27#smdster_th_place"
"32","il_matagatto",2,14,0.714285714285714,0.418964742816338,0.916110681692872,30,"Humans","2","https://magic.wizards.com/en/articles/archive/mtgo-standings/modern-challenge-2020-09-20#il_matagatto_th_place; https://magic.wizards.com/en/articles/archive/mtgo-standings/modern-challenge-2020-10-05#il_matagatto_th_place"
"33","McWinSauce",2,15,0.666666666666667,0.383803732541154,0.881758896633119,30,"WURG Control","2","https://magic.wizards.com/en/articles/archive/mtgo-standings/modern-challenge-2020-09-21#mcwinsauce_th_place; https://magic.wizards.com/en/articles/archive/mtgo-standings/modern-challenge-2020-10-05#mcwinsauce_th_place"
"34","TSPJendrek",2,15,0.666666666666667,0.383803732541154,0.881758896633119,30,"Sultai Control","2","https://magic.wizards.com/en/articles/archive/mtgo-standings/modern-challenge-2020-09-27#tspjendrek_th_place; https://magic.wizards.com/en/articles/archive/mtgo-standings/modern-challenge-2020-10-11#tspjendrek_th_place"
"35","Frejat",1,12,0.833333333333333,0.515862251314033,0.979137474539908,30,"Reclaimer Titan","1","https://magic.wizards.com/en/articles/archive/mtgo-standings/modern-showcase-challenge-2020-10-04#frejat_nd_place"
"36","drVendigo",2,15,0.666666666666667,0.383803732541154,0.881758896633119,30,"Jund Midrange","2","https://magic.wizards.com/en/articles/archive/mtgo-standings/modern-challenge-2020-10-05#drvendigo_th_place; https://magic.wizards.com/en/articles/archive/mtgo-standings/modern-challenge-2020-10-12#drvendigo_th_place"
"37","TheEnzym",1,10,0.9,0.554983882971805,0.997471421455538,27,"Mill","1","https://magic.wizards.com/en/articles/archive/mtgo-standings/modern-challenge-2020-09-20#theenzym_st_place"
"38","IzzetSignetIsTheBest",1,10,0.9,0.554983882971805,0.997471421455538,27,"Reclaimer Titan","1","https://magic.wizards.com/en/articles/archive/mtgo-standings/modern-challenge-2020-09-20#izzetsignetisthebest_nd_place"
"39","Gerschi",2,14,0.642857142857143,0.351380110615992,0.872401570140841,27,"Shadow Prowess","2","https://magic.wizards.com/en/articles/archive/mtgo-standings/modern-challenge-2020-09-20#gerschi_th_place; https://magic.wizards.com/en/articles/archive/mtgo-standings/modern-challenge-2020-09-21#gerschi_th_place"
"40","Delthar",2,14,0.642857142857143,0.351380110615992,0.872401570140841,27,"Infect","2","https://magic.wizards.com/en/articles/archive/mtgo-standings/modern-challenge-2020-09-21#delthar_th_place; https://magic.wizards.com/en/articles/archive/mtgo-standings/modern-challenge-2020-10-12#delthar_th_place"
"41","WeareVenom",2,14,0.642857142857143,0.351380110615992,0.872401570140841,27,"WURG Control","2","https://magic.wizards.com/en/articles/archive/mtgo-standings/modern-challenge-2020-09-21#wearevenom_th_place; https://magic.wizards.com/en/articles/archive/mtgo-standings/modern-challenge-2020-10-12#wearevenom_th_place"
"42","Oderus Urungus",2,14,0.642857142857143,0.351380110615992,0.872401570140841,27,"Humans","2","https://magic.wizards.com/en/articles/archive/mtgo-standings/modern-champs-2020-09-21#oderus_urungus_th_place; https://magic.wizards.com/en/articles/archive/mtgo-standings/modern-challenge-2020-10-18#oderus_urungus_th_place"
"43","Toastxp",2,14,0.642857142857143,0.351380110615992,0.872401570140841,27,"Gruul Midrange; Shadow Prowess","1; 1","https://magic.wizards.com/en/articles/archive/mtgo-standings/modern-champs-2020-09-21#toastxp_st_place; https://magic.wizards.com/en/articles/archive/mtgo-standings/modern-challenge-2020-10-05#toastxp_th_place"
"44","Bayesta_93",2,14,0.642857142857143,0.351380110615992,0.872401570140841,27,"Shadow Prowess","2","https://magic.wizards.com/en/articles/archive/mtgo-standings/modern-challenge-2020-09-27#bayesta__th_place; https://magic.wizards.com/en/articles/archive/mtgo-standings/modern-challenge-2020-09-28#bayesta__nd_place"
"45","Jositoshekel",2,14,0.642857142857143,0.351380110615992,0.872401570140841,27,"Burn; Heliod Combo","1; 1","https://magic.wizards.com/en/articles/archive/mtgo-standings/modern-challenge-2020-09-28#jositoshekel_th_place; https://magic.wizards.com/en/articles/archive/mtgo-standings/modern-challenge-2020-10-11#jositoshekel_th_place"
"46","GideonRavensword",2,14,0.642857142857143,0.351380110615992,0.872401570140841,27,"Dredge","2","https://magic.wizards.com/en/articles/archive/mtgo-standings/modern-challenge-2020-09-28#gideonravensword_th_place; https://magic.wizards.com/en/articles/archive/mtgo-standings/modern-challenge-2020-10-11#gideonravensword_nd_place"
"47","_Batutinha_",2,14,0.642857142857143,0.351380110615992,0.872401570140841,27,"WURG Control; Shadow Prowess","1; 1","https://magic.wizards.com/en/articles/archive/mtgo-standings/modern-challenge-2020-09-28#_batutinha__st_place; https://magic.wizards.com/en/articles/archive/mtgo-standings/modern-challenge-2020-10-05#_batutinha__th_place"
"48","moyashi0904",1,11,0.818181818181818,0.482244147639827,0.97716880170004,27,"WURG Control","1","https://magic.wizards.com/en/articles/archive/mtgo-standings/modern-showcase-challenge-2020-10-04#moyashi_rd_place"
"49","JustJack",2,14,0.642857142857143,0.351380110615992,0.872401570140841,27,"Humans","2","https://magic.wizards.com/en/articles/archive/mtgo-standings/modern-challenge-2020-10-05#justjack_th_place; https://magic.wizards.com/en/articles/archive/mtgo-standings/modern-challenge-2020-10-12#justjack_th_place"
"50","yamakiller",2,14,0.642857142857143,0.351380110615992,0.872401570140841,27,"Reclaimer Titan; Obosh Aggro","1; 1","https://magic.wizards.com/en/articles/archive/mtgo-standings/modern-challenge-2020-10-11#yamakiller_th_place; https://magic.wizards.com/en/articles/archive/mtgo-standings/modern-challenge-2020-10-18#yamakiller_th_place"
"51","fabee1",2,14,0.642857142857143,0.351380110615992,0.872401570140841,27,"Bant Midrange; Mono White Taxes","1; 1","https://magic.wizards.com/en/articles/archive/mtgo-standings/modern-challenge-2020-10-11#fabee_th_place; https://magic.wizards.com/en/articles/archive/mtgo-standings/modern-challenge-2020-10-18#fabee_st_place"
"52","Gobern",2,14,0.642857142857143,0.351380110615992,0.872401570140841,27,"Niv To Light; Omnath Saheeli","1; 1","https://magic.wizards.com/en/articles/archive/mtgo-standings/modern-challenge-2020-10-11#gobern_th_place; https://magic.wizards.com/en/articles/archive/mtgo-standings/modern-challenge-2020-10-18#gobern_th_place"
"53","quinniac",2,14,0.571428571428571,0.288609400038307,0.823388910017882,24,"Mono Red Prowess; Obosh Aggro","1; 1","https://magic.wizards.com/en/articles/archive/mtgo-standings/modern-challenge-2020-09-20#quinniac_th_place; https://magic.wizards.com/en/articles/archive/mtgo-standings/modern-challenge-2020-10-18#quinniac_nd_place"
"54","Selami",2,14,0.571428571428571,0.288609400038307,0.823388910017882,24,"Ad Nauseam","2","https://magic.wizards.com/en/articles/archive/mtgo-standings/modern-challenge-2020-09-21#selami_th_place; https://magic.wizards.com/en/articles/archive/mtgo-standings/modern-challenge-2020-10-12#selami_st_place"
"55","musasabi",1,10,0.8,0.443904537692359,0.974789273673167,24,"Orzhov Midrange","1","https://magic.wizards.com/en/articles/archive/mtgo-standings/modern-challenge-2020-09-27#musasabi_st_place"
"56","__matsugan",1,10,0.8,0.443904537692359,0.974789273673167,24,"Oops All Spells","1","https://magic.wizards.com/en/articles/archive/mtgo-standings/modern-challenge-2020-09-27#__matsugan_nd_place"
"57","HotBread",2,14,0.571428571428571,0.288609400038307,0.823388910017882,24,"Gruul Midrange; Shadow Prowess","1; 1","https://magic.wizards.com/en/articles/archive/mtgo-standings/modern-challenge-2020-09-27#hotbread_nd_place; https://magic.wizards.com/en/articles/archive/mtgo-standings/modern-challenge-2020-09-28#hotbread_th_place"
"58","Rinko",2,14,0.571428571428571,0.288609400038307,0.823388910017882,24,"Enduring Ideal","2","https://magic.wizards.com/en/articles/archive/mtgo-standings/modern-challenge-2020-09-28#rinko_nd_place; https://magic.wizards.com/en/articles/archive/mtgo-standings/modern-challenge-2020-10-12#rinko_th_place"
"59","futureshok",2,14,0.571428571428571,0.288609400038307,0.823388910017882,24,"Jund Midrange","2","https://magic.wizards.com/en/articles/archive/mtgo-standings/modern-challenge-2020-09-28#futureshok_th_place; https://magic.wizards.com/en/articles/archive/mtgo-standings/modern-challenge-2020-10-05#futureshok_nd_place"
"60","MissTrigger",2,14,0.571428571428571,0.288609400038307,0.823388910017882,24,"Bogles; Humans","1; 1","https://magic.wizards.com/en/articles/archive/mtgo-standings/modern-challenge-2020-09-28#misstrigger_th_place; https://magic.wizards.com/en/articles/archive/mtgo-standings/modern-challenge-2020-10-05#misstrigger_st_place"
"61","__BMJ__",1,11,0.727272727272727,0.390257440427579,0.939782265827093,24,"Shadow Prowess","1","https://magic.wizards.com/en/articles/archive/mtgo-standings/modern-showcase-challenge-2020-10-04#__bmj___th_place"
"62","josetorr87",2,14,0.571428571428571,0.288609400038307,0.823388910017882,24,"Reclaimer Titan","2","https://magic.wizards.com/en/articles/archive/mtgo-standings/modern-challenge-2020-10-05#josetorr_th_place; https://magic.wizards.com/en/articles/archive/mtgo-standings/modern-challenge-2020-10-12#josetorr_th_place"
"63","Jaberwocki",1,10,0.8,0.443904537692359,0.974789273673167,24,"Jund Midrange","1","https://magic.wizards.com/en/articles/archive/mtgo-standings/modern-challenge-2020-10-11#jaberwocki_nd_place"
"64","WorstNewbEver",1,9,0.888888888888889,0.517503485082663,0.997190863253401,24,"Shadow Prowess","1","https://magic.wizards.com/en/articles/archive/mtgo-standings/modern-challenge-2020-10-11#worstnewbever_rd_place"
"65","taruto1212",1,10,0.8,0.443904537692359,0.974789273673167,24,"WURG Control","1","https://magic.wizards.com/en/articles/archive/mtgo-standings/modern-challenge-2020-10-12#taruto_nd_place"
"66","FreakNightmare",1,10,0.8,0.443904537692359,0.974789273673167,24,"Oops All Spells","1","https://magic.wizards.com/en/articles/archive/mtgo-standings/modern-challenge-2020-10-18#freaknightmare_nd_place"
"67","DrRobertSpaghetti",1,9,0.777777777777778,0.399906426283688,0.971855026522102,21,"Gruul Midrange","1","https://magic.wizards.com/en/articles/archive/mtgo-standings/modern-challenge-2020-09-20#drrobertspaghetti_rd_place"
"68","Giocatore_Medio_92",1,9,0.777777777777778,0.399906426283688,0.971855026522102,21,"Humans","1","https://magic.wizards.com/en/articles/archive/mtgo-standings/modern-challenge-2020-09-21#giocatore_medio__rd_place"
"69","Reynad",1,10,0.7,0.347547149940003,0.933260488822266,21,"Jund Midrange","1","https://magic.wizards.com/en/articles/archive/mtgo-standings/modern-champs-2020-09-21#reynad_nd_place"
"70","RearrangedAS",1,9,0.777777777777778,0.399906426283688,0.971855026522102,21,"Spirits","1","https://magic.wizards.com/en/articles/archive/mtgo-standings/modern-champs-2020-09-21#rearrangedas_rd_place"
"71","Bedell",1,9,0.777777777777778,0.399906426283688,0.971855026522102,21,"Amulet Titan","1","https://magic.wizards.com/en/articles/archive/mtgo-standings/modern-challenge-2020-09-27#bedell_rd_place"
"72","GodOfSlaughter",1,8,0.875,0.473490329124793,0.996840276468748,21,"Niv To Light","1","https://magic.wizards.com/en/articles/archive/mtgo-standings/modern-challenge-2020-09-27#godofslaughter_th_place"
"73","alexmw14",1,10,0.7,0.347547149940003,0.933260488822266,21,"Jund Shadow","1","https://magic.wizards.com/en/articles/archive/mtgo-standings/modern-challenge-2020-09-28#alexmw_nd_place"
"74","starfall",1,10,0.7,0.347547149940003,0.933260488822266,21,"Obosh Aggro","1","https://magic.wizards.com/en/articles/archive/mtgo-standings/modern-showcase-challenge-2020-10-04#starfall_th_place"
"75","TrueHero",1,10,0.7,0.347547149940003,0.933260488822266,21,"UBRG Control","1","https://magic.wizards.com/en/articles/archive/mtgo-standings/modern-showcase-challenge-2020-10-04#truehero_th_place"
"76","AlexanderRosdahl",1,9,0.777777777777778,0.399906426283688,0.971855026522102,21,"Sultai Control","1","https://magic.wizards.com/en/articles/archive/mtgo-standings/modern-showcase-challenge-2020-10-04#alexanderrosdahl_th_place"
"77","SpiderSpace",1,9,0.777777777777778,0.399906426283688,0.971855026522102,21,"Mono White Taxes","1","https://magic.wizards.com/en/articles/archive/mtgo-standings/modern-showcase-challenge-2020-10-04#spiderspace_th_place"
"78","_Stream",1,9,0.777777777777778,0.399906426283688,0.971855026522102,21,"Izzet Prowess","1","https://magic.wizards.com/en/articles/archive/mtgo-standings/modern-showcase-challenge-2020-10-04#_stream_th_place"
"79","juzam_gin",1,9,0.777777777777778,0.399906426283688,0.971855026522102,21,"Dredge","1","https://magic.wizards.com/en/articles/archive/mtgo-standings/modern-showcase-challenge-2020-10-04#juzam_gin_th_place"
"80","SpicyLeche",1,9,0.777777777777778,0.399906426283688,0.971855026522102,21,"Mono White Taxes","1","https://magic.wizards.com/en/articles/archive/mtgo-standings/modern-showcase-challenge-2020-10-04#spicyleche_th_place"
"81","Joao_Andrade",1,9,0.777777777777778,0.399906426283688,0.971855026522102,21,"Belcher","1","https://magic.wizards.com/en/articles/archive/mtgo-standings/modern-showcase-challenge-2020-10-04#joao_andrade_th_place"
"82","fuma-mtgcampinas",1,9,0.777777777777778,0.399906426283688,0.971855026522102,21,"Eldrazi Tron","1","https://magic.wizards.com/en/articles/archive/mtgo-standings/modern-showcase-challenge-2020-10-04#fuma-mtgcampinas_th_place"
"83","Do0mSwitch",1,9,0.777777777777778,0.399906426283688,0.971855026522102,21,"WURG Control","1","https://magic.wizards.com/en/articles/archive/mtgo-standings/modern-challenge-2020-10-05#domswitch_rd_place"
"84","fried-liver-attack",1,9,0.777777777777778,0.399906426283688,0.971855026522102,21,"Burn","1","https://magic.wizards.com/en/articles/archive/mtgo-standings/modern-challenge-2020-10-11#fried-liver-attack_th_place"
"85","The_nayr",1,9,0.777777777777778,0.399906426283688,0.971855026522102,21,"Mono Red Prowess","1","https://magic.wizards.com/en/articles/archive/mtgo-standings/modern-challenge-2020-10-18#the_nayr_rd_place"
"86","TwistedWombat",1,9,0.777777777777778,0.399906426283688,0.971855026522102,21,"Omnath Saheeli","1","https://magic.wizards.com/en/articles/archive/mtgo-standings/modern-challenge-2020-10-18#twistedwombat_th_place"
"87","Graven_Cairns",1,8,0.75,0.349144205587176,0.968145973750056,18,"Jund Midrange","1","https://magic.wizards.com/en/articles/archive/mtgo-standings/modern-challenge-2020-09-20#graven_cairns_th_place"
"88","maximusdee",1,8,0.75,0.349144205587176,0.968145973750056,18,"Shadow Prowess","1","https://magic.wizards.com/en/articles/archive/mtgo-standings/modern-challenge-2020-09-21#maximusdee_th_place"
"89","Phill_Hellmuth",1,9,0.666666666666667,0.29929505620854,0.925145368580308,18,"Gruul Midrange","1","https://magic.wizards.com/en/articles/archive/mtgo-standings/modern-champs-2020-09-21#phill_hellmuth_th_place"
"90","TebbeBear",1,8,0.75,0.349144205587176,0.968145973750056,18,"Ad Nauseam","1","https://magic.wizards.com/en/articles/archive/mtgo-standings/modern-champs-2020-09-21#tebbebear_th_place"
"91","mathguy31415",1,8,0.75,0.349144205587176,0.968145973750056,18,"Green Tron","1","https://magic.wizards.com/en/articles/archive/mtgo-standings/modern-champs-2020-09-21#mathguy_th_place"
"92","Chuckles1248",1,8,0.75,0.349144205587176,0.968145973750056,18,"Ad Nauseam","1","https://magic.wizards.com/en/articles/archive/mtgo-standings/modern-champs-2020-09-21#chuckles_th_place"
"93","rob85tx",1,8,0.75,0.349144205587176,0.968145973750056,18,"Izzet Prowess","1","https://magic.wizards.com/en/articles/archive/mtgo-standings/modern-challenge-2020-09-27#robtx_th_place"
"94","Laplasjan",1,8,0.75,0.349144205587176,0.968145973750056,18,"Devoted","1","https://magic.wizards.com/en/articles/archive/mtgo-standings/modern-challenge-2020-09-27#laplasjan_th_place"
"95","HamburgerJung",1,8,0.75,0.349144205587176,0.968145973750056,18,"Green Tron","1","https://magic.wizards.com/en/articles/archive/mtgo-standings/modern-challenge-2020-09-28#hamburgerjung_th_place"
"96","Chefen",1,8,0.75,0.349144205587176,0.968145973750056,18,"Belcher","1","https://magic.wizards.com/en/articles/archive/mtgo-standings/modern-challenge-2020-09-28#chefen_th_place"
"97","Nammersquats",1,9,0.666666666666667,0.29929505620854,0.925145368580308,18,"Humans","1","https://magic.wizards.com/en/articles/archive/mtgo-standings/modern-showcase-challenge-2020-10-04#nammersquats_th_place"
"98","cntrlfreak",1,9,0.666666666666667,0.29929505620854,0.925145368580308,18,"Grixis Shadow","1","https://magic.wizards.com/en/articles/archive/mtgo-standings/modern-showcase-challenge-2020-10-04#cntrlfreak_st_place"
"99","bamzing",1,9,0.666666666666667,0.29929505620854,0.925145368580308,18,"Reclaimer Titan","1","https://magic.wizards.com/en/articles/archive/mtgo-standings/modern-showcase-challenge-2020-10-04#bamzing_th_place"
"100","fradelrock",1,9,0.666666666666667,0.29929505620854,0.925145368580308,18,"Izzet Prowess","1","https://magic.wizards.com/en/articles/archive/mtgo-standings/modern-showcase-challenge-2020-10-04#fradelrock_th_place"
"101","Icteridae",1,9,0.666666666666667,0.29929505620854,0.925145368580308,18,"Gruul Midrange","1","https://magic.wizards.com/en/articles/archive/mtgo-standings/modern-showcase-challenge-2020-10-04#icteridae_th_place"
"102","GGBud1717",1,9,0.666666666666667,0.29929505620854,0.925145368580308,18,"Izzet Prowess","1","https://magic.wizards.com/en/articles/archive/mtgo-standings/modern-showcase-challenge-2020-10-04#ggbud_th_place"
"103","CHILLEDADED",1,9,0.666666666666667,0.29929505620854,0.925145368580308,18,"Humans","1","https://magic.wizards.com/en/articles/archive/mtgo-standings/modern-showcase-challenge-2020-10-04#chilledaded_st_place"
"104","Aphiladon",1,9,0.666666666666667,0.29929505620854,0.925145368580308,18,"Hardened Scales","1","https://magic.wizards.com/en/articles/archive/mtgo-standings/modern-showcase-challenge-2020-10-04#aphiladon_nd_place"
"105","unicornparadise",1,9,0.666666666666667,0.29929505620854,0.925145368580308,18,"Spirits","1","https://magic.wizards.com/en/articles/archive/mtgo-standings/modern-challenge-2020-10-05#unicornparadise_th_place"
"106","cityofcards",1,8,0.75,0.349144205587176,0.968145973750056,18,"Shadow Prowess","1","https://magic.wizards.com/en/articles/archive/mtgo-standings/modern-challenge-2020-10-05#cityofcards_th_place"
"107","tkcheungab",1,8,0.75,0.349144205587176,0.968145973750056,18,"Green Tron","1","https://magic.wizards.com/en/articles/archive/mtgo-standings/modern-challenge-2020-10-05#tkcheungab_th_place"
"108","jacobricher",1,8,0.75,0.349144205587176,0.968145973750056,18,"Humans","1","https://magic.wizards.com/en/articles/archive/mtgo-standings/modern-challenge-2020-10-11#jacobricher_th_place"
"109","Curtisaxel",1,8,0.75,0.349144205587176,0.968145973750056,18,"Blue Tron","1","https://magic.wizards.com/en/articles/archive/mtgo-standings/modern-challenge-2020-10-11#curtisaxel_th_place"
"110","Munich_Casual",1,8,0.75,0.349144205587176,0.968145973750056,18,"Spirits","1","https://magic.wizards.com/en/articles/archive/mtgo-standings/modern-challenge-2020-10-11#munich_casual_th_place"
"111","Danker",1,8,0.75,0.349144205587176,0.968145973750056,18,"Azorius Control","1","https://magic.wizards.com/en/articles/archive/mtgo-standings/modern-challenge-2020-10-12#danker_th_place"
"112","pmk",1,8,0.75,0.349144205587176,0.968145973750056,18,"Humans","1","https://magic.wizards.com/en/articles/archive/mtgo-standings/modern-challenge-2020-10-12#pmk_th_place"
"113","MoxSquirrel",1,8,0.75,0.349144205587176,0.968145973750056,18,"Mill","1","https://magic.wizards.com/en/articles/archive/mtgo-standings/modern-challenge-2020-10-18#moxsquirrel_th_place"
"114","cicciogire",1,8,0.75,0.349144205587176,0.968145973750056,18,"WURG Control","1","https://magic.wizards.com/en/articles/archive/mtgo-standings/modern-challenge-2020-10-18#cicciogire_th_place"
"115","JB2002",1,8,0.625,0.244863216366552,0.914766585862746,15,"Azorius Control","1","https://magic.wizards.com/en/articles/archive/mtgo-standings/modern-challenge-2020-09-20#jb_th_place"
"116","solaec0501",1,7,0.714285714285714,0.290420863737343,0.963307433823914,15,"Humans","1","https://magic.wizards.com/en/articles/archive/mtgo-standings/modern-challenge-2020-09-20#solaec_th_place"
"117","Delpoctrol",1,7,0.714285714285714,0.290420863737343,0.963307433823914,15,"Dredge","1","https://magic.wizards.com/en/articles/archive/mtgo-standings/modern-challenge-2020-09-20#delpoctrol_th_place"
"118","Rebus8",1,7,0.714285714285714,0.290420863737343,0.963307433823914,15,"Humans","1","https://magic.wizards.com/en/articles/archive/mtgo-standings/modern-challenge-2020-09-20#rebus_th_place"
"119","Antoine57437",1,7,0.714285714285714,0.290420863737343,0.963307433823914,15,"Badzan","1","https://magic.wizards.com/en/articles/archive/mtgo-standings/modern-challenge-2020-09-20#antoine_th_place"
"120","An_Actual_Potato",1,7,0.714285714285714,0.290420863737343,0.963307433823914,15,"Temur Control","1","https://magic.wizards.com/en/articles/archive/mtgo-standings/modern-challenge-2020-09-20#an_actual_potato_th_place"
"121","wambocombo2020",1,7,0.714285714285714,0.290420863737343,0.963307433823914,15,"Humans","1","https://magic.wizards.com/en/articles/archive/mtgo-standings/modern-challenge-2020-09-20#wambocombo_th_place"
"122","Magister_1993",1,7,0.714285714285714,0.290420863737343,0.963307433823914,15,"Azorius Control","1","https://magic.wizards.com/en/articles/archive/mtgo-standings/modern-challenge-2020-09-20#magister__th_place"
"123","Rulleboren",1,7,0.714285714285714,0.290420863737343,0.963307433823914,15,"Mill","1","https://magic.wizards.com/en/articles/archive/mtgo-standings/modern-challenge-2020-09-20#rulleboren_th_place"
"124","benchsummer",1,8,0.625,0.244863216366552,0.914766585862746,15,"UBRG Shadow","1","https://magic.wizards.com/en/articles/archive/mtgo-standings/modern-challenge-2020-09-21#benchsummer_th_place"
"125","Butakov",1,7,0.714285714285714,0.290420863737343,0.963307433823914,15,"WURG Control","1","https://magic.wizards.com/en/articles/archive/mtgo-standings/modern-challenge-2020-09-21#butakov_th_place"
"126","bobthedog",1,7,0.714285714285714,0.290420863737343,0.963307433823914,15,"Bant Blink","1","https://magic.wizards.com/en/articles/archive/mtgo-standings/modern-challenge-2020-09-21#bobthedog_th_place"
"127","albert62",1,7,0.714285714285714,0.290420863737343,0.963307433823914,15,"Jund Midrange","1","https://magic.wizards.com/en/articles/archive/mtgo-standings/modern-challenge-2020-09-21#albert_th_place"
"128","kthanakit26",1,7,0.714285714285714,0.290420863737343,0.963307433823914,15,"Boros Prowess","1","https://magic.wizards.com/en/articles/archive/mtgo-standings/modern-challenge-2020-09-21#kthanakit_th_place"
"129","Fatcaster_Mage",1,7,0.714285714285714,0.290420863737343,0.963307433823914,15,"Sultai Control","1","https://magic.wizards.com/en/articles/archive/mtgo-standings/modern-challenge-2020-09-21#fatcaster_mage_th_place"
"130","Artem_Kuhtin",1,7,0.714285714285714,0.290420863737343,0.963307433823914,15,"White Devotion","1","https://magic.wizards.com/en/articles/archive/mtgo-standings/modern-challenge-2020-09-21#artem_kuhtin_th_place"
"131","slow_brz",1,8,0.625,0.244863216366552,0.914766585862746,15,"Mardu Shadow","1","https://magic.wizards.com/en/articles/archive/mtgo-standings/modern-champs-2020-09-21#slow_brz_th_place"
"132","SKK",1,7,0.714285714285714,0.290420863737343,0.963307433823914,15,"Belcher","1","https://magic.wizards.com/en/articles/archive/mtgo-standings/modern-champs-2020-09-21#skk_th_place"
"133","oshea",1,7,0.714285714285714,0.290420863737343,0.963307433823914,15,"Humans","1","https://magic.wizards.com/en/articles/archive/mtgo-standings/modern-champs-2020-09-21#oshea_th_place"
"134","bmwracer0",1,7,0.714285714285714,0.290420863737343,0.963307433823914,15,"Green Tron","1","https://magic.wizards.com/en/articles/archive/mtgo-standings/modern-champs-2020-09-21#bmwracer_th_place"
"135","Alucart",1,7,0.714285714285714,0.290420863737343,0.963307433823914,15,"Jund Midrange","1","https://magic.wizards.com/en/articles/archive/mtgo-standings/modern-champs-2020-09-21#alucart_th_place"
"136","ThekingFor1000years",1,7,0.714285714285714,0.290420863737343,0.963307433823914,15,"Infect","1","https://magic.wizards.com/en/articles/archive/mtgo-standings/modern-champs-2020-09-21#thekingforyears_th_place"
"137","Kricha13",1,7,0.714285714285714,0.290420863737343,0.963307433823914,15,"WURG Control","1","https://magic.wizards.com/en/articles/archive/mtgo-standings/modern-champs-2020-09-21#kricha_th_place"
"138","ghostx02",1,7,0.714285714285714,0.290420863737343,0.963307433823914,15,"Gruul Midrange","1","https://magic.wizards.com/en/articles/archive/mtgo-standings/modern-champs-2020-09-21#ghostx_th_place"
"139","Morenothings",1,7,0.714285714285714,0.290420863737343,0.963307433823914,15,"Humans","1","https://magic.wizards.com/en/articles/archive/mtgo-standings/modern-challenge-2020-09-27#morenothings_th_place"
"140","qbturtle15",1,7,0.714285714285714,0.290420863737343,0.963307433823914,15,"Mono White Taxes","1","https://magic.wizards.com/en/articles/archive/mtgo-standings/modern-challenge-2020-09-27#qbturtle_th_place"
"141","122pablo",1,7,0.714285714285714,0.290420863737343,0.963307433823914,15,"Ascendancy Combo","1","https://magic.wizards.com/en/articles/archive/mtgo-standings/modern-challenge-2020-09-27#pablo_th_place"
"142","SoulStrong",1,7,0.714285714285714,0.290420863737343,0.963307433823914,15,"Shadow Prowess","1","https://magic.wizards.com/en/articles/archive/mtgo-standings/modern-challenge-2020-09-27#soulstrong_th_place"
"143","Antarctica",1,7,0.714285714285714,0.290420863737343,0.963307433823914,15,"Mardu Prowess","1","https://magic.wizards.com/en/articles/archive/mtgo-standings/modern-challenge-2020-09-27#antarctica_th_place"
"144","eggybenny",1,7,0.714285714285714,0.290420863737343,0.963307433823914,15,"Devoted","1","https://magic.wizards.com/en/articles/archive/mtgo-standings/modern-challenge-2020-09-27#eggybenny_th_place"
"145","matiaskm",1,7,0.714285714285714,0.290420863737343,0.963307433823914,15,"Devoted","1","https://magic.wizards.com/en/articles/archive/mtgo-standings/modern-challenge-2020-09-27#matiaskm_th_place"
"146","Lacansa",1,7,0.714285714285714,0.290420863737343,0.963307433823914,15,"Humans","1","https://magic.wizards.com/en/articles/archive/mtgo-standings/modern-challenge-2020-09-27#lacansa_th_place"
"147","ilsecco14",1,8,0.625,0.244863216366552,0.914766585862746,15,"Neobrand","1","https://magic.wizards.com/en/articles/archive/mtgo-standings/modern-challenge-2020-09-28#ilsecco_th_place"
"148","N3to",1,7,0.714285714285714,0.290420863737343,0.963307433823914,15,"Gifts Storm","1","https://magic.wizards.com/en/articles/archive/mtgo-standings/modern-challenge-2020-09-28#nto_th_place"
"149","Gigy",1,7,0.714285714285714,0.290420863737343,0.963307433823914,15,"Naya Midrange","1","https://magic.wizards.com/en/articles/archive/mtgo-standings/modern-challenge-2020-09-28#gigy_th_place"
"150","gazmon48",1,7,0.714285714285714,0.290420863737343,0.963307433823914,15,"Orzhov Midrange","1","https://magic.wizards.com/en/articles/archive/mtgo-standings/modern-challenge-2020-09-28#gazmon_th_place"
"151","Manuel_Danninger",1,7,0.714285714285714,0.290420863737343,0.963307433823914,15,"Mardu Midrange","1","https://magic.wizards.com/en/articles/archive/mtgo-standings/modern-challenge-2020-09-28#manuel_danninger_th_place"
"152","Jenara19",1,7,0.714285714285714,0.290420863737343,0.963307433823914,15,"UBRG Control","1","https://magic.wizards.com/en/articles/archive/mtgo-standings/modern-challenge-2020-09-28#jenara_th_place"
"153","bmac668",1,7,0.714285714285714,0.290420863737343,0.963307433823914,15,"Shadow Prowess","1","https://magic.wizards.com/en/articles/archive/mtgo-standings/modern-challenge-2020-10-05#bmac_th_place"
"154","Kenzaburo",1,7,0.714285714285714,0.290420863737343,0.963307433823914,15,"Azorius Control","1","https://magic.wizards.com/en/articles/archive/mtgo-standings/modern-challenge-2020-10-05#kenzaburo_th_place"
"155","Gabriele2020",1,7,0.714285714285714,0.290420863737343,0.963307433823914,15,"Humans","1","https://magic.wizards.com/en/articles/archive/mtgo-standings/modern-challenge-2020-10-05#gabriele_th_place"
"156","_Falcon_",1,7,0.714285714285714,0.290420863737343,0.963307433823914,15,"Izzet Prowess","1","https://magic.wizards.com/en/articles/archive/mtgo-standings/modern-challenge-2020-10-05#_falcon__th_place"
"157","SknerusMcKwacz",1,7,0.714285714285714,0.290420863737343,0.963307433823914,15,"Oops All Spells","1","https://magic.wizards.com/en/articles/archive/mtgo-standings/modern-challenge-2020-10-11#sknerusmckwacz_th_place"
"158","Edel",1,7,0.714285714285714,0.290420863737343,0.963307433823914,15,"Rakdos Midrange","1","https://magic.wizards.com/en/articles/archive/mtgo-standings/modern-challenge-2020-10-11#edel_th_place"
"159","Mlgb92",1,7,0.714285714285714,0.290420863737343,0.963307433823914,15,"Orzhov Midrange","1","https://magic.wizards.com/en/articles/archive/mtgo-standings/modern-challenge-2020-10-11#mlgb_th_place"
"160","ice_nine_",1,7,0.714285714285714,0.290420863737343,0.963307433823914,15,"Land Destruction","1","https://magic.wizards.com/en/articles/archive/mtgo-standings/modern-challenge-2020-10-11#ice_nine__th_place"
"161","fingers1991",1,7,0.714285714285714,0.290420863737343,0.963307433823914,15,"Shadow Prowess","1","https://magic.wizards.com/en/articles/archive/mtgo-standings/modern-challenge-2020-10-11#fingers_th_place"
"162","MiguelCaster",1,7,0.714285714285714,0.290420863737343,0.963307433823914,15,"Mono White Taxes","1","https://magic.wizards.com/en/articles/archive/mtgo-standings/modern-challenge-2020-10-11#miguelcaster_th_place"
"163","shir kahn",1,7,0.714285714285714,0.290420863737343,0.963307433823914,15,"Jeskai Control","1","https://magic.wizards.com/en/articles/archive/mtgo-standings/modern-challenge-2020-10-11#shir_kahn_th_place"
"164","ChironTheMage",1,7,0.714285714285714,0.290420863737343,0.963307433823914,15,"WURG Control","1","https://magic.wizards.com/en/articles/archive/mtgo-standings/modern-challenge-2020-10-11#chironthemage_st_place"
"165","Doomenstein",1,7,0.714285714285714,0.290420863737343,0.963307433823914,15,"Mono White Taxes","1","https://magic.wizards.com/en/articles/archive/mtgo-standings/modern-challenge-2020-10-11#doomenstein_th_place"
"166","Wyern",1,8,0.625,0.244863216366552,0.914766585862746,15,"Belcher","1","https://magic.wizards.com/en/articles/archive/mtgo-standings/modern-challenge-2020-10-12#wyern_th_place"
"167","Vansguy",1,8,0.625,0.244863216366552,0.914766585862746,15,"WURG Control","1","https://magic.wizards.com/en/articles/archive/mtgo-standings/modern-challenge-2020-10-12#vansguy_th_place"
"168","Jack_Kashtan",1,7,0.714285714285714,0.290420863737343,0.963307433823914,15,"Ad Nauseam","1","https://magic.wizards.com/en/articles/archive/mtgo-standings/modern-challenge-2020-10-12#jack_kashtan_th_place"
"169","axk2",1,7,0.714285714285714,0.290420863737343,0.963307433823914,15,"Neobrand","1","https://magic.wizards.com/en/articles/archive/mtgo-standings/modern-challenge-2020-10-12#axk_th_place"
"170","Ajani89",1,7,0.714285714285714,0.290420863737343,0.963307433823914,15,"Amulet Titan","1","https://magic.wizards.com/en/articles/archive/mtgo-standings/modern-challenge-2020-10-12#ajani_th_place"
"171","excel0679",1,7,0.714285714285714,0.290420863737343,0.963307433823914,15,"Obosh Aggro","1","https://magic.wizards.com/en/articles/archive/mtgo-standings/modern-challenge-2020-10-12#excel_th_place"
"172","nedyahiske",1,7,0.714285714285714,0.290420863737343,0.963307433823914,15,"WURG Control","1","https://magic.wizards.com/en/articles/archive/mtgo-standings/modern-challenge-2020-10-12#nedyahiske_th_place"
"173","stayrospet",1,7,0.714285714285714,0.290420863737343,0.963307433823914,15,"Shadow Prowess","1","https://magic.wizards.com/en/articles/archive/mtgo-standings/modern-challenge-2020-10-18#stayrospet_th_place"
"174","seasonofmists",1,7,0.714285714285714,0.290420863737343,0.963307433823914,15,"Abzan Blink","1","https://magic.wizards.com/en/articles/archive/mtgo-standings/modern-challenge-2020-10-18#seasonofmists_th_place"
"175","DarkestMage",1,7,0.714285714285714,0.290420863737343,0.963307433823914,15,"Mono White Taxes","1","https://magic.wizards.com/en/articles/archive/mtgo-standings/modern-challenge-2020-10-18#darkestmage_th_place"
"176","last7stand",1,7,0.714285714285714,0.290420863737343,0.963307433823914,15,"Green Tron","1","https://magic.wizards.com/en/articles/archive/mtgo-standings/modern-challenge-2020-10-18#laststand_th_place"
"177","PTarts2win",1,7,0.714285714285714,0.290420863737343,0.963307433823914,15,"WURG Control","1","https://magic.wizards.com/en/articles/archive/mtgo-standings/modern-challenge-2020-10-18#ptartswin_th_place"
"178","MIkepick7",1,7,0.714285714285714,0.290420863737343,0.963307433823914,15,"Eldrazi Tron","1","https://magic.wizards.com/en/articles/archive/mtgo-standings/modern-challenge-2020-10-18#mikepick_th_place"
"179","Humpaa",1,7,0.714285714285714,0.290420863737343,0.963307433823914,15,"Heliod Combo","1","https://magic.wizards.com/en/articles/archive/mtgo-standings/modern-challenge-2020-10-18#humpaa_th_place"
"180","POOBMASTER",1,7,0.714285714285714,0.290420863737343,0.963307433823914,15,"Shadow Prowess","1","https://magic.wizards.com/en/articles/archive/mtgo-standings/modern-challenge-2020-10-18#poobmaster_st_place"
"181","daibloXSC",1,7,0.714285714285714,0.290420863737343,0.963307433823914,15,"Jeskai Control","1","https://magic.wizards.com/en/articles/archive/mtgo-standings/modern-challenge-2020-10-18#daibloxsc_nd_place"
"182","NuBlkAu",1,7,0.714285714285714,0.290420863737343,0.963307433823914,15,"Rakdos Shadow","1","https://magic.wizards.com/en/articles/archive/mtgo-standings/modern-challenge-2020-10-18#nublkau_rd_place"
"183","pbarrrgh",1,7,0.714285714285714,0.290420863737343,0.963307433823914,15,"Sultai Control","1","https://magic.wizards.com/en/articles/archive/mtgo-standings/modern-challenge-2020-10-18#pbarrrgh_th_place"
"184","eclipse4343",1,7,0.714285714285714,0.290420863737343,0.963307433823914,15,"Azorius Control","1","https://magic.wizards.com/en/articles/archive/mtgo-standings/modern-challenge-2020-10-18#eclipse_th_place"
"185","pokerswizard",1,7,0.571428571428571,0.184051567640083,0.901011721557492,12,"Mill","1","https://magic.wizards.com/en/articles/archive/mtgo-standings/modern-challenge-2020-09-20#pokerswizard_th_place"
"186","Wiltron92",1,7,0.571428571428571,0.184051567640083,0.901011721557492,12,"Grixis Shadow","1","https://magic.wizards.com/en/articles/archive/mtgo-standings/modern-challenge-2020-09-20#wiltron_th_place"
"187","iaky91",1,7,0.571428571428571,0.184051567640083,0.901011721557492,12,"Bogles","1","https://magic.wizards.com/en/articles/archive/mtgo-standings/modern-challenge-2020-09-20#iaky_th_place"
"188","eXavie",1,7,0.571428571428571,0.184051567640083,0.901011721557492,12,"Temur Control","1","https://magic.wizards.com/en/articles/archive/mtgo-standings/modern-challenge-2020-09-20#exavie_th_place"
"189","Jokersrwild",1,7,0.571428571428571,0.184051567640083,0.901011721557492,12,"Golgari Midrange","1","https://magic.wizards.com/en/articles/archive/mtgo-standings/modern-challenge-2020-09-20#jokersrwild_st_place"
"190","TheBigMoke",1,7,0.571428571428571,0.184051567640083,0.901011721557492,12,"Sultai Control","1","https://magic.wizards.com/en/articles/archive/mtgo-standings/modern-challenge-2020-09-20#thebigmoke_nd_place"
"191","WhiTe TsaR",1,7,0.571428571428571,0.184051567640083,0.901011721557492,12,"Humans","1","https://magic.wizards.com/en/articles/archive/mtgo-standings/modern-challenge-2020-09-21#white_tsar_th_place"
"192","RAINkratos",1,7,0.571428571428571,0.184051567640083,0.901011721557492,12,"Humans","1","https://magic.wizards.com/en/articles/archive/mtgo-standings/modern-challenge-2020-09-21#rainkratos_st_place"
"193","Nikachu",1,7,0.571428571428571,0.184051567640083,0.901011721557492,12,"Merfolk","1","https://magic.wizards.com/en/articles/archive/mtgo-standings/modern-challenge-2020-09-21#nikachu_nd_place"
"194","Granham",1,7,0.571428571428571,0.184051567640083,0.901011721557492,12,"Green Tron","1","https://magic.wizards.com/en/articles/archive/mtgo-standings/modern-challenge-2020-09-21#granham_rd_place"
"195","katoriarch123",1,7,0.571428571428571,0.184051567640083,0.901011721557492,12,"Bant Control","1","https://magic.wizards.com/en/articles/archive/mtgo-standings/modern-challenge-2020-09-21#katoriarch_th_place"
"196","2jjm",1,7,0.571428571428571,0.184051567640083,0.901011721557492,12,"Burn","1","https://magic.wizards.com/en/articles/archive/mtgo-standings/modern-challenge-2020-09-21#jjm_st_place"
"197","Lukas261997",1,7,0.571428571428571,0.184051567640083,0.901011721557492,12,"Grixis Shadow","1","https://magic.wizards.com/en/articles/archive/mtgo-standings/modern-challenge-2020-09-21#lukas_nd_place"
"198","beastista",1,7,0.571428571428571,0.184051567640083,0.901011721557492,12,"Azorius Control","1","https://magic.wizards.com/en/articles/archive/mtgo-standings/modern-champs-2020-09-21#beastista_th_place"
"199","ThePurplecow777",1,7,0.571428571428571,0.184051567640083,0.901011721557492,12,"Bogles","1","https://magic.wizards.com/en/articles/archive/mtgo-standings/modern-champs-2020-09-21#thepurplecow_nd_place"
"200","Diatomic",1,7,0.571428571428571,0.184051567640083,0.901011721557492,12,"Gruul Midrange","1","https://magic.wizards.com/en/articles/archive/mtgo-standings/modern-champs-2020-09-21#diatomic_rd_place"
"201","TubbyBatman",1,7,0.571428571428571,0.184051567640083,0.901011721557492,12,"Delver","1","https://magic.wizards.com/en/articles/archive/mtgo-standings/modern-champs-2020-09-21#tubbybatman_th_place"
"202","Slinker80",1,7,0.571428571428571,0.184051567640083,0.901011721557492,12,"Burn","1","https://magic.wizards.com/en/articles/archive/mtgo-standings/modern-champs-2020-09-21#slinker_th_place"
"203","SuperCow12653",1,7,0.571428571428571,0.184051567640083,0.901011721557492,12,"Jund Midrange","1","https://magic.wizards.com/en/articles/archive/mtgo-standings/modern-champs-2020-09-21#supercow_th_place"
"204","MagicCardsFunFunFun",1,7,0.571428571428571,0.184051567640083,0.901011721557492,12,"Gruul Midrange","1","https://magic.wizards.com/en/articles/archive/mtgo-standings/modern-champs-2020-09-21#magiccardsfunfunfun_th_place"
"205","nsroller",1,7,0.571428571428571,0.184051567640083,0.901011721557492,12,"Rakdos Prowess","1","https://magic.wizards.com/en/articles/archive/mtgo-standings/modern-champs-2020-09-21#nsroller_th_place"
"206","Strox",1,7,0.571428571428571,0.184051567640083,0.901011721557492,12,"Jund Midrange","1","https://magic.wizards.com/en/articles/archive/mtgo-standings/modern-champs-2020-09-21#strox_th_place"
"207","Databyss",1,7,0.571428571428571,0.184051567640083,0.901011721557492,12,"Mill","1","https://magic.wizards.com/en/articles/archive/mtgo-standings/modern-champs-2020-09-21#databyss_th_place"
"208","Patxi",1,7,0.571428571428571,0.184051567640083,0.901011721557492,12,"Humans","1","https://magic.wizards.com/en/articles/archive/mtgo-standings/modern-champs-2020-09-21#patxi_st_place"
"209","ScorpionDeathDrop",1,7,0.571428571428571,0.184051567640083,0.901011721557492,12,"Eldrazi Tron","1","https://magic.wizards.com/en/articles/archive/mtgo-standings/modern-champs-2020-09-21#scorpiondeathdrop_nd_place"
"210","dough_shack",1,7,0.571428571428571,0.184051567640083,0.901011721557492,12,"Amulet Titan","1","https://magic.wizards.com/en/articles/archive/mtgo-standings/modern-challenge-2020-09-27#dough_shack_rd_place"
"211","helpfulsheep",1,7,0.571428571428571,0.184051567640083,0.901011721557492,12,"Rakdos Prowess","1","https://magic.wizards.com/en/articles/archive/mtgo-standings/modern-challenge-2020-09-27#helpfulsheep_th_place"
"212","Disgruntled_Elk",1,7,0.571428571428571,0.184051567640083,0.901011721557492,12,"Shadow Prowess","1","https://magic.wizards.com/en/articles/archive/mtgo-standings/modern-challenge-2020-09-27#disgruntled_elk_th_place"
"213","Side_Arms",1,7,0.571428571428571,0.184051567640083,0.901011721557492,12,"Scapeshift","1","https://magic.wizards.com/en/articles/archive/mtgo-standings/modern-challenge-2020-09-27#side_arms_th_place"
"214","Flshtoph",1,7,0.571428571428571,0.184051567640083,0.901011721557492,12,"Niv To Light","1","https://magic.wizards.com/en/articles/archive/mtgo-standings/modern-challenge-2020-09-27#flshtoph_th_place"
"215","littledarwin",1,7,0.571428571428571,0.184051567640083,0.901011721557492,12,"Hammer Time","1","https://magic.wizards.com/en/articles/archive/mtgo-standings/modern-challenge-2020-09-27#littledarwin_th_place"
"216","Lord_of_Puntlantis",1,7,0.571428571428571,0.184051567640083,0.901011721557492,12,"Electro Balance","1","https://magic.wizards.com/en/articles/archive/mtgo-standings/modern-challenge-2020-09-28#lord_of_puntlantis_th_place"
"217","Polikasoll",1,7,0.571428571428571,0.184051567640083,0.901011721557492,12,"Izzet Prowess","1","https://magic.wizards.com/en/articles/archive/mtgo-standings/modern-challenge-2020-09-28#polikasoll_th_place"
"218","Beltan3",1,7,0.571428571428571,0.184051567640083,0.901011721557492,12,"Ad Nauseam","1","https://magic.wizards.com/en/articles/archive/mtgo-standings/modern-challenge-2020-09-28#beltan_st_place"
"219","joetru",1,7,0.571428571428571,0.184051567640083,0.901011721557492,12,"Niv To Light","1","https://magic.wizards.com/en/articles/archive/mtgo-standings/modern-challenge-2020-09-28#joetru_rd_place"
"220","PhantasmalBear",1,7,0.571428571428571,0.184051567640083,0.901011721557492,12,"Scapeshift","1","https://magic.wizards.com/en/articles/archive/mtgo-standings/modern-challenge-2020-09-28#phantasmalbear_th_place"
"221","ziofrancone",1,7,0.571428571428571,0.184051567640083,0.901011721557492,12,"Elementals","1","https://magic.wizards.com/en/articles/archive/mtgo-standings/modern-challenge-2020-09-28#ziofrancone_th_place"
"222","Oscar_Franco",1,7,0.571428571428571,0.184051567640083,0.901011721557492,12,"Grixis Shadow","1","https://magic.wizards.com/en/articles/archive/mtgo-standings/modern-challenge-2020-09-28#oscar_franco_th_place"
"223","Dazai",1,7,0.571428571428571,0.184051567640083,0.901011721557492,12,"UBRG Control","1","https://magic.wizards.com/en/articles/archive/mtgo-standings/modern-challenge-2020-10-05#dazai_th_place"
"224","BERNASTORRES",1,7,0.571428571428571,0.184051567640083,0.901011721557492,12,"Shadow Prowess","1","https://magic.wizards.com/en/articles/archive/mtgo-standings/modern-challenge-2020-10-05#bernastorres_st_place"
"225","MrRaeb",1,7,0.571428571428571,0.184051567640083,0.901011721557492,12,"Sultai Control","1","https://magic.wizards.com/en/articles/archive/mtgo-standings/modern-challenge-2020-10-05#mrraeb_nd_place"
"226","Wizard_2002",1,7,0.571428571428571,0.184051567640083,0.901011721557492,12,"Humans","1","https://magic.wizards.com/en/articles/archive/mtgo-standings/modern-challenge-2020-10-05#wizard__rd_place"
"227","Ouranos139",1,7,0.571428571428571,0.184051567640083,0.901011721557492,12,"Amulet Titan","1","https://magic.wizards.com/en/articles/archive/mtgo-standings/modern-challenge-2020-10-05#ouranos_th_place"
"228","Andreas_Mueller",1,7,0.571428571428571,0.184051567640083,0.901011721557492,12,"Dredge","1","https://magic.wizards.com/en/articles/archive/mtgo-standings/modern-challenge-2020-10-11#andreas_mueller_th_place"
"229","Elnitzo",1,7,0.571428571428571,0.184051567640083,0.901011721557492,12,"Mill","1","https://magic.wizards.com/en/articles/archive/mtgo-standings/modern-challenge-2020-10-11#elnitzo_th_place"
"230","MHayashi",1,7,0.571428571428571,0.184051567640083,0.901011721557492,12,"Obosh Aggro","1","https://magic.wizards.com/en/articles/archive/mtgo-standings/modern-challenge-2020-10-11#mhayashi_th_place"
"231","Johnny_Hobbs",1,7,0.571428571428571,0.184051567640083,0.901011721557492,12,"WURG Control","1","https://magic.wizards.com/en/articles/archive/mtgo-standings/modern-challenge-2020-10-11#johnny_hobbs_st_place"
"232","thephatz",1,7,0.571428571428571,0.184051567640083,0.901011721557492,12,"Mono White Taxes","1","https://magic.wizards.com/en/articles/archive/mtgo-standings/modern-challenge-2020-10-11#thephatz_nd_place"
"233","FriskiFraska",1,7,0.571428571428571,0.184051567640083,0.901011721557492,12,"Mono White Taxes","1","https://magic.wizards.com/en/articles/archive/mtgo-standings/modern-challenge-2020-10-12#friskifraska_th_place"
"234","Tiemuuu",1,7,0.571428571428571,0.184051567640083,0.901011721557492,12,"Izzet Control","1","https://magic.wizards.com/en/articles/archive/mtgo-standings/modern-challenge-2020-10-12#tiemuuu_st_place"
"235","Karnesis93",1,7,0.571428571428571,0.184051567640083,0.901011721557492,12,"Amulet Titan","1","https://magic.wizards.com/en/articles/archive/mtgo-standings/modern-challenge-2020-10-12#karnesis_nd_place"
"236","hawnkable",1,7,0.571428571428571,0.184051567640083,0.901011721557492,12,"Gifts Storm","1","https://magic.wizards.com/en/articles/archive/mtgo-standings/modern-challenge-2020-10-12#hawnkable_rd_place"
"237","LORiWWA",1,7,0.571428571428571,0.184051567640083,0.901011721557492,12,"Eldrazi Tron","1","https://magic.wizards.com/en/articles/archive/mtgo-standings/modern-challenge-2020-10-12#loriwwa_nd_place"
"238","Moniz0801",1,7,0.571428571428571,0.184051567640083,0.901011721557492,12,"Amulet Titan","1","https://magic.wizards.com/en/articles/archive/mtgo-standings/modern-challenge-2020-10-18#moniz_th_place"
