index,id,language,setCode,translation
0,1,Chinese Simplified,10E,
1,2,Chinese Traditional,10E,
2,3,French,10E,Dixième édition
3,4,German,10E,Zehnte Edition
4,5,Italian,10E,Decima Edizione
5,6,Japanese,10E,
6,7,Korean,10E,
7,8,Portuguese (Brazil),10E,
8,9,Russian,10E,
9,10,Spanish,10E,Décima Edición
10,11,Chinese Simplified,2ED,
11,12,Chinese Traditional,2ED,
12,13,French,2ED,Unlimited
13,14,German,2ED,Unlimitiert
14,15,Italian,2ED,Unlimited
15,16,Japanese,2ED,
16,17,Korean,2ED,
17,18,Portuguese (Brazil),2ED,
18,19,Russian,2ED,
19,20,Spanish,2ED,Unlimited
20,21,Chinese Simplified,2X2,
21,22,Chinese Traditional,2X2,
22,23,French,2X2,Double Masters 2022
23,24,German,2X2,Double Masters 2022
24,25,Italian,2X2,Double Masters 2022
25,26,Japanese,2X2,
26,27,Korean,2X2,
27,28,Portuguese (Brazil),2X2,
28,29,Russian,2X2,
29,30,Spanish,2X2,Double Masters 2022
30,31,Chinese Simplified,2XM,
31,32,Chinese Traditional,2XM,
32,33,French,2XM,Double Masters
33,34,German,2XM,Double Masters
34,35,Italian,2XM,Double Masters
35,36,Japanese,2XM,
36,37,Korean,2XM,
37,38,Portuguese (Brazil),2XM,
38,39,Russian,2XM,
39,40,Spanish,2XM,Double Masters
40,41,Chinese Simplified,3ED,
41,42,Chinese Traditional,3ED,
42,43,French,3ED,Revised
43,44,German,3ED,Revised
44,45,Italian,3ED,Revised
45,46,Japanese,3ED,
46,47,Korean,3ED,
47,48,Portuguese (Brazil),3ED,
48,49,Russian,3ED,
49,50,Spanish,3ED,Revised
50,51,Chinese Simplified,4ED,
51,52,Chinese Traditional,4ED,
52,53,French,4ED,Quatrième Edition
53,54,German,4ED,Vierte Edition
54,55,Italian,4ED,Quarta Edizione
55,56,Japanese,4ED,
56,57,Korean,4ED,
57,58,Portuguese (Brazil),4ED,
58,59,Russian,4ED,
59,60,Spanish,4ED,Cuarta Edición
60,61,Chinese Simplified,5DN,
61,62,Chinese Traditional,5DN,
62,63,French,5DN,La Cinquième Aube
63,64,German,5DN,Fünfte Morgenröte
64,65,Italian,5DN,Quinta Alba
65,66,Japanese,5DN,
66,67,Korean,5DN,
67,68,Portuguese (Brazil),5DN,
68,69,Russian,5DN,
69,70,Spanish,5DN,Quinto Amanecer
70,71,Chinese Simplified,5ED,
71,72,Chinese Traditional,5ED,
72,73,French,5ED,Cinquième Edition
73,74,German,5ED,Fünfte Edition
74,75,Italian,5ED,Quinta Edizione
75,76,Japanese,5ED,
76,77,Korean,5ED,
77,78,Portuguese (Brazil),5ED,
78,79,Russian,5ED,
79,80,Spanish,5ED,Quinta Edición
80,81,Chinese Simplified,7ED,
81,82,Chinese Traditional,7ED,
82,83,French,7ED,Septième Edition
83,84,German,7ED,Siebte Edition
84,85,Italian,7ED,Settima Edizione
85,86,Japanese,7ED,
86,87,Korean,7ED,
87,88,Portuguese (Brazil),7ED,
88,89,Russian,7ED,
89,90,Spanish,7ED,Séptima Edición
90,91,Chinese Simplified,8ED,
91,92,Chinese Traditional,8ED,
92,93,French,8ED,Huitième Edition
93,94,German,8ED,Achte Edition
94,95,Italian,8ED,Ottava Edizione
95,96,Japanese,8ED,
96,97,Korean,8ED,
97,98,Portuguese (Brazil),8ED,
98,99,Russian,8ED,
99,100,Spanish,8ED,Octava Edición
100,101,Chinese Simplified,9ED,
101,102,Chinese Traditional,9ED,
102,103,French,9ED,Neuvième Edition
103,104,German,9ED,Neunte Edition
104,105,Italian,9ED,Nona Edizione
105,106,Japanese,9ED,
106,107,Korean,9ED,
107,108,Portuguese (Brazil),9ED,
108,109,Russian,9ED,
109,110,Spanish,9ED,Novena Edición
110,111,Chinese Simplified,A25,
111,112,Chinese Traditional,A25,
112,113,French,A25,Masters 25
113,114,German,A25,Masters 25
114,115,Italian,A25,Masters 25
115,116,Japanese,A25,
116,117,Korean,A25,
117,118,Portuguese (Brazil),A25,
118,119,Russian,A25,
119,120,Spanish,A25,Masters 25
120,121,Chinese Simplified,AER,
121,122,Chinese Traditional,AER,
122,123,French,AER,La révolte éthérique
123,124,German,AER,Äther-Rebellion
124,125,Italian,AER,Rivolta dell’Etere
125,126,Japanese,AER,
126,127,Korean,AER,
127,128,Portuguese (Brazil),AER,
128,129,Russian,AER,
129,130,Spanish,AER,La revuelta del éter
130,131,Chinese Simplified,AFR,
131,132,Chinese Traditional,AFR,
132,133,French,AFR,Forgotten Realms: Aventures dans les Royaumes Oubliés
133,134,German,AFR,Abenteuer in den Forgotten Realms
134,135,Italian,AFR,Avventure nei Forgotten Realms
135,136,Japanese,AFR,
136,137,Korean,AFR,
137,138,Portuguese (Brazil),AFR,
138,139,Russian,AFR,
139,140,Spanish,AFR,Aventuras en Forgotten Realms
140,141,Chinese Simplified,AKH,
141,142,Chinese Traditional,AKH,
142,143,French,AKH,Amonkhet
143,144,German,AKH,Amonkhet
144,145,Italian,AKH,Amonkhet
145,146,Japanese,AKH,
146,147,Korean,AKH,
147,148,Portuguese (Brazil),AKH,
148,149,Russian,AKH,
149,150,Spanish,AKH,Amonkhet
150,151,Chinese Simplified,ALA,
151,152,Chinese Traditional,ALA,
152,153,French,ALA,Les éclats d'Alara
153,154,German,ALA,Fragmente von Alara
154,155,Italian,ALA,Shards of Alara
155,156,Japanese,ALA,
156,157,Korean,ALA,
157,158,Portuguese (Brazil),ALA,
158,159,Russian,ALA,
159,160,Spanish,ALA,Shards of Alara
160,161,Chinese Simplified,ALL,
161,162,Chinese Traditional,ALL,
162,163,French,ALL,Alliances
163,164,German,ALL,Allianzen
164,165,Italian,ALL,Alleanze
165,166,Japanese,ALL,
166,167,Korean,ALL,
167,168,Portuguese (Brazil),ALL,
168,169,Russian,ALL,
169,170,Spanish,ALL,Alianzas
170,171,Chinese Simplified,APC,
171,172,Chinese Traditional,APC,
172,173,French,APC,Apocalypse
173,174,German,APC,Apokalypse
174,175,Italian,APC,Apocalisse
175,176,Japanese,APC,
176,177,Korean,APC,
177,178,Portuguese (Brazil),APC,
178,179,Russian,APC,
179,180,Spanish,APC,Apocalipsis
180,181,Chinese Simplified,ARB,
181,182,Chinese Traditional,ARB,
182,183,French,ARB,La Renaissance d'Alara
183,184,German,ARB,Alara: Die Erneuerung
184,185,Italian,ARB,Alara Reborn
185,186,Japanese,ARB,
186,187,Korean,ARB,
187,188,Portuguese (Brazil),ARB,
188,189,Russian,ARB,
189,190,Spanish,ARB,Alara Reborn
190,191,Chinese Simplified,ARN,
191,192,Chinese Traditional,ARN,
192,193,French,ARN,Arabian Nights
193,194,German,ARN,Arabian Nights
194,195,Italian,ARN,Arabian Nights
195,196,Japanese,ARN,
196,197,Korean,ARN,
197,198,Portuguese (Brazil),ARN,
198,199,Russian,ARN,
199,200,Spanish,ARN,Arabian Nights
200,201,Chinese Simplified,ATQ,
201,202,Chinese Traditional,ATQ,
202,203,French,ATQ,Antiquities
203,204,German,ATQ,Antiquities
204,205,Italian,ATQ,Antiquities
205,206,Japanese,ATQ,
206,207,Korean,ATQ,
207,208,Portuguese (Brazil),ATQ,
208,209,Russian,ATQ,
209,210,Spanish,ATQ,Antiquities
210,211,Chinese Simplified,AVR,
211,212,Chinese Traditional,AVR,
212,213,French,AVR,Avacyn ressuscitée
213,214,German,AVR,Avacyns Rückkehr
214,215,Italian,AVR,Avacyn Restored
215,216,Japanese,AVR,
216,217,Korean,AVR,
217,218,Portuguese (Brazil),AVR,
218,219,Russian,AVR,
219,220,Spanish,AVR,Avacyn Restored
220,221,Chinese Simplified,BBD,
221,222,Chinese Traditional,BBD,
222,223,French,BBD,Battlebond
223,224,German,BBD,Battlebond
224,225,Italian,BBD,Battlebond
225,226,Japanese,BBD,
226,227,Korean,BBD,
227,228,Portuguese (Brazil),BBD,
228,229,Russian,BBD,
229,230,Spanish,BBD,Battlebond
230,231,Chinese Simplified,BFZ,
231,232,Chinese Traditional,BFZ,
232,233,French,BFZ,La bataille de Zendikar
233,234,German,BFZ,Kampf um Zendikar
234,235,Italian,BFZ,Battaglia per Zendikar
235,236,Japanese,BFZ,
236,237,Korean,BFZ,
237,238,Portuguese (Brazil),BFZ,
238,239,Russian,BFZ,
239,240,Spanish,BFZ,La batalla por Zendikar
240,241,Chinese Simplified,BNG,
241,242,Chinese Traditional,BNG,
242,243,French,BNG,Créations divines
243,244,German,BNG,Born of the Gods
244,245,Italian,BNG,Born of the Gods
245,246,Japanese,BNG,
246,247,Korean,BNG,
247,248,Portuguese (Brazil),BNG,
248,249,Russian,BNG,
249,250,Spanish,BNG,Born of the Gods
250,251,Chinese Simplified,BOK,
251,252,Chinese Traditional,BOK,
252,253,French,BOK,Traîtres de Kamigawa
253,254,German,BOK,Verräter von Kamigawa
254,255,Italian,BOK,Traditori di Kamigawa
255,256,Japanese,BOK,
256,257,Korean,BOK,
257,258,Portuguese (Brazil),BOK,
258,259,Russian,BOK,
259,260,Spanish,BOK,Traidores de Kamigawa
260,261,Chinese Simplified,BRO,
261,262,Chinese Traditional,BRO,
262,263,French,BRO,La Guerre Fratricide
263,264,German,BRO,Krieg der Brüder
264,265,Italian,BRO,La Guerra dei Fratelli
265,266,Japanese,BRO,
266,267,Korean,BRO,
267,268,Portuguese (Brazil),BRO,
268,269,Russian,BRO,
269,270,Spanish,BRO,La Guerra de los Hermanos
270,271,Chinese Simplified,CHK,
271,272,Chinese Traditional,CHK,
272,273,French,CHK,Guerriers de Kamigawa
273,274,German,CHK,Meister von Kamigawa
274,275,Italian,CHK,Campioni di Kamigawa
275,276,Japanese,CHK,
276,277,Korean,CHK,
277,278,Portuguese (Brazil),CHK,
278,279,Russian,CHK,
279,280,Spanish,CHK,Campeones de Kamigawa
280,281,Chinese Simplified,CHR,
281,282,Chinese Traditional,CHR,
282,283,French,CHR,Chronicles
283,284,German,CHR,Chronicles
284,285,Italian,CHR,Chronicles
285,286,Japanese,CHR,
286,287,Korean,CHR,
287,288,Portuguese (Brazil),CHR,
288,289,Russian,CHR,
289,290,Spanish,CHR,Chronicles
290,291,Chinese Simplified,CLB,
291,292,Chinese Traditional,CLB,
292,293,French,CLB,Commander Légendes : la bataille de la Porte de Baldur
293,294,German,CLB,Commander Legends: Schlacht um Baldur’s Gate
294,295,Italian,CLB,Leggende di Commander: Battaglia per Baldur’s Gate
295,296,Japanese,CLB,
296,297,Korean,CLB,
297,298,Portuguese (Brazil),CLB,
298,299,Russian,CLB,
299,300,Spanish,CLB,Leyendas de Commander: Batalla por Puerta de Baldur
300,301,Chinese Simplified,CMB2,
301,302,Chinese Traditional,CMB2,
302,303,French,CMB2,Mystery Booster: Playtest Cards
303,304,German,CMB2,Mystery Booster: Playtest Cards
304,305,Italian,CMB2,Mystery Booster: Playtest Cards
305,306,Japanese,CMB2,
306,307,Korean,CMB2,
307,308,Portuguese (Brazil),CMB2,
308,309,Russian,CMB2,
309,310,Spanish,CMB2,Mystery Booster: Playtest Cards
310,311,Chinese Simplified,CMR,
311,312,Chinese Traditional,CMR,
312,313,French,CMR,Commander Legends
313,314,German,CMR,Commander Legends
314,315,Italian,CMR,Commander Legends
315,316,Japanese,CMR,
316,317,Korean,CMR,
317,318,Portuguese (Brazil),CMR,
318,319,Russian,CMR,
319,320,Spanish,CMR,Commander Legends
320,321,Chinese Simplified,CN2,
321,322,Chinese Traditional,CN2,
322,323,French,CN2,Conspiracy: Take the Crown
323,324,German,CN2,Conspiracy: Take the Crown
324,325,Italian,CN2,Conspiracy: Take the Crown
325,326,Japanese,CN2,
326,327,Korean,CN2,
327,328,Portuguese (Brazil),CN2,
328,329,Russian,CN2,
329,330,Spanish,CN2,Conspiracy: Take the Crown
330,331,Chinese Simplified,CNS,
331,332,Chinese Traditional,CNS,
332,333,French,CNS,Conspiration
333,334,German,CNS,Conspiracy
334,335,Italian,CNS,Conspiracy
335,336,Japanese,CNS,
336,337,Korean,CNS,
337,338,Portuguese (Brazil),CNS,
338,339,Russian,CNS,
339,340,Spanish,CNS,Conspiración
340,341,Chinese Simplified,CON,
341,342,Chinese Traditional,CON,
342,343,French,CON,Conflux
343,344,German,CON,Conflux
344,345,Italian,CON,Conflux
345,346,Japanese,CON,
346,347,Korean,CON,
347,348,Portuguese (Brazil),CON,
348,349,Russian,CON,
349,350,Spanish,CON,Conflux
350,351,Chinese Simplified,CSP,
351,352,Chinese Traditional,CSP,
352,353,French,CSP,Souffle glaciaire
353,354,German,CSP,Kälteeinbruch
354,355,Italian,CSP,Ondata Glaciale
355,356,Japanese,CSP,
356,357,Korean,CSP,
357,358,Portuguese (Brazil),CSP,
358,359,Russian,CSP,
359,360,Spanish,CSP,Ola de frío
360,361,Chinese Simplified,DBL,
361,362,Chinese Traditional,DBL,
362,363,French,DBL,Innistrad : Double Programme
363,364,German,DBL,Innistrad: Double Feature
364,365,Italian,DBL,Innistrad: Double Feature
365,366,Japanese,DBL,
366,367,Korean,DBL,
367,368,Portuguese (Brazil),DBL,
368,369,Russian,DBL,
369,370,Spanish,DBL,Innistrad: Double Feature
370,371,Chinese Simplified,DGM,
371,372,Chinese Traditional,DGM,
372,373,French,DGM,Le labyrinthe du dragon
373,374,German,DGM,Labyrinth des Drachen
374,375,Italian,DGM,Labirinto del Drago
375,376,Japanese,DGM,
376,377,Korean,DGM,
377,378,Portuguese (Brazil),DGM,
378,379,Russian,DGM,
379,380,Spanish,DGM,Laberinto del dragón
380,381,Chinese Simplified,DIS,
381,382,Chinese Traditional,DIS,
382,383,French,DIS,Discorde
383,384,German,DIS,Zwietracht
384,385,Italian,DIS,Discordia
385,386,Japanese,DIS,
386,387,Korean,DIS,
387,388,Portuguese (Brazil),DIS,
388,389,Russian,DIS,
389,390,Spanish,DIS,Discordia
390,391,Chinese Simplified,DKA,
391,392,Chinese Traditional,DKA,
392,393,French,DKA,Obscure Ascension
393,394,German,DKA,Dunkles Erwachen
394,395,Italian,DKA,Dark Ascension
395,396,Japanese,DKA,
396,397,Korean,DKA,
397,398,Portuguese (Brazil),DKA,
398,399,Russian,DKA,
399,400,Spanish,DKA,Dark Ascension
400,401,Chinese Simplified,DMR,
401,402,Chinese Traditional,DMR,
402,403,French,DMR,Dominaria Remastered
403,404,German,DMR,Dominaria Remastered
404,405,Italian,DMR,Dominaria Remastered
405,406,Japanese,DMR,
406,407,Korean,DMR,
407,408,Portuguese (Brazil),DMR,
408,409,Russian,DMR,
409,410,Spanish,DMR,Dominaria remasterizada
410,411,Chinese Simplified,DMU,
411,412,Chinese Traditional,DMU,
412,413,French,DMU,Dominaria Uni
413,414,German,DMU,Dominarias Bund
414,415,Italian,DMU,Dominaria Unita
415,416,Japanese,DMU,
416,417,Korean,DMU,
417,418,Portuguese (Brazil),DMU,
418,419,Russian,DMU,
419,420,Spanish,DMU,Dominaria Unida
420,421,Chinese Simplified,DOM,
421,422,Chinese Traditional,DOM,
422,423,French,DOM,Dominaria
423,424,German,DOM,Dominaria
424,425,Italian,DOM,Dominaria
425,426,Japanese,DOM,
426,427,Korean,DOM,
427,428,Portuguese (Brazil),DOM,
428,429,Russian,DOM,
429,430,Spanish,DOM,Dominaria
430,431,Chinese Simplified,DRK,
431,432,Chinese Traditional,DRK,
432,433,French,DRK,The Dark
433,434,German,DRK,The Dark
434,435,Italian,DRK,The Dark
435,436,Japanese,DRK,
436,437,Korean,DRK,
437,438,Portuguese (Brazil),DRK,
438,439,Russian,DRK,
439,440,Spanish,DRK,The Dark
440,441,Chinese Simplified,DST,
441,442,Chinese Traditional,DST,
442,443,French,DST,Sombracier
443,444,German,DST,Nachtstahl
444,445,Italian,DST,Darksteel
445,446,Japanese,DST,
446,447,Korean,DST,
447,448,Portuguese (Brazil),DST,
448,449,Russian,DST,
449,450,Spanish,DST,Darksteel
450,451,Chinese Simplified,DTK,
451,452,Chinese Traditional,DTK,
452,453,French,DTK,Les Dragons de Tarkir
453,454,German,DTK,Drachen von Tarkir
454,455,Italian,DTK,Draghi di Tarkir
455,456,Japanese,DTK,
456,457,Korean,DTK,
457,458,Portuguese (Brazil),DTK,
458,459,Russian,DTK,
459,460,Spanish,DTK,Dragones de Tarkir
460,461,Chinese Simplified,ELD,
461,462,Chinese Traditional,ELD,
462,463,French,ELD,Throne of Eldraine
463,464,German,ELD,Throne of Eldraine
464,465,Italian,ELD,Throne of Eldraine
465,466,Japanese,ELD,
466,467,Korean,ELD,
467,468,Portuguese (Brazil),ELD,
468,469,Russian,ELD,
469,470,Spanish,ELD,Throne of Eldraine
470,471,Chinese Simplified,EMA,
471,472,Chinese Traditional,EMA,
472,473,French,EMA,Eternal Masters
473,474,German,EMA,Eternal Masters
474,475,Italian,EMA,Eternal Masters
475,476,Japanese,EMA,
476,477,Korean,EMA,
477,478,Portuguese (Brazil),EMA,
478,479,Russian,EMA,
479,480,Spanish,EMA,Eternal Masters
480,481,Chinese Simplified,EMN,
481,482,Chinese Traditional,EMN,
482,483,French,EMN,La lune hermétique
483,484,German,EMN,Düstermond
484,485,Italian,EMN,Luna Spettrale
485,486,Japanese,EMN,
486,487,Korean,EMN,
487,488,Portuguese (Brazil),EMN,
488,489,Russian,EMN,
489,490,Spanish,EMN,Luna de horrores
490,491,Chinese Simplified,EVE,
491,492,Chinese Traditional,EVE,
492,493,French,EVE,Coucheciel
493,494,German,EVE,Abendkühle
494,495,Italian,EVE,Vespro
495,496,Japanese,EVE,
496,497,Korean,EVE,
497,498,Portuguese (Brazil),EVE,
498,499,Russian,EVE,
499,500,Spanish,EVE,Crepúsculo
500,501,Chinese Simplified,EXO,
501,502,Chinese Traditional,EXO,
502,503,French,EXO,Exode
503,504,German,EXO,Exodus
504,505,Italian,EXO,Esodo
505,506,Japanese,EXO,
506,507,Korean,EXO,
507,508,Portuguese (Brazil),EXO,
508,509,Russian,EXO,
509,510,Spanish,EXO,Éxodo
510,511,Chinese Simplified,FEM,
511,512,Chinese Traditional,FEM,
512,513,French,FEM,Fallen Empires
513,514,German,FEM,Fallen Empires
514,515,Italian,FEM,Fallen Empires
515,516,Japanese,FEM,
516,517,Korean,FEM,
517,518,Portuguese (Brazil),FEM,
518,519,Russian,FEM,
519,520,Spanish,FEM,Fallen Empires
520,521,Chinese Simplified,FRF,
521,522,Chinese Traditional,FRF,
522,523,French,FRF,Destin reforgé
523,524,German,FRF,Fate Reforged
524,525,Italian,FRF,Fate Reforged
525,526,Japanese,FRF,
526,527,Korean,FRF,
527,528,Portuguese (Brazil),FRF,
528,529,Russian,FRF,
529,530,Spanish,FRF,Fate Reforged
530,531,Chinese Simplified,FUT,
531,532,Chinese Traditional,FUT,
532,533,French,FUT,Vision de l'Avenir
533,534,German,FUT,Blick in die Zukunft
534,535,Italian,FUT,Visione Futura
535,536,Japanese,FUT,
536,537,Korean,FUT,
537,538,Portuguese (Brazil),FUT,
538,539,Russian,FUT,
539,540,Spanish,FUT,Visión del Futuro
540,541,Chinese Simplified,GPT,
541,542,Chinese Traditional,GPT,
542,543,French,GPT,Le Pacte des Guildes
543,544,German,GPT,Gildenbund
544,545,Italian,GPT,Il Patto delle Gilde
545,546,Japanese,GPT,
546,547,Korean,GPT,
547,548,Portuguese (Brazil),GPT,
548,549,Russian,GPT,
549,550,Spanish,GPT,El Pacto entre Gremios
550,551,Chinese Simplified,GRN,
551,552,Chinese Traditional,GRN,
552,553,French,GRN,Les Guildes de Ravnica
553,554,German,GRN,Gilden von Ravnica
554,555,Italian,GRN,Gilde di Ravnica
555,556,Japanese,GRN,
556,557,Korean,GRN,
557,558,Portuguese (Brazil),GRN,
558,559,Russian,GRN,
559,560,Spanish,GRN,Gremios de Rávnica
560,561,Chinese Simplified,GTC,
561,562,Chinese Traditional,GTC,
562,563,French,GTC,Insurrection
563,564,German,GTC,Gildensturm
564,565,Italian,GTC,Gatecrash
565,566,Japanese,GTC,
566,567,Korean,GTC,
567,568,Portuguese (Brazil),GTC,
568,569,Russian,GTC,
569,570,Spanish,GTC,Gatecrash
570,571,Chinese Simplified,HML,
571,572,Chinese Traditional,HML,
572,573,French,HML,Terres Natales
573,574,German,HML,Heimatländer
574,575,Italian,HML,Origini
575,576,Japanese,HML,
576,577,Korean,HML,
577,578,Portuguese (Brazil),HML,
578,579,Russian,HML,
579,580,Spanish,HML,Tierras Natales
580,581,Chinese Simplified,HOU,
581,582,Chinese Traditional,HOU,
582,583,French,HOU,L’âge de la destruction
583,584,German,HOU,Stunde der Vernichtung
584,585,Italian,HOU,L’Era della Rovina
585,586,Japanese,HOU,
586,587,Korean,HOU,
587,588,Portuguese (Brazil),HOU,
588,589,Russian,HOU,
589,590,Spanish,HOU,La hora de la devastación
590,591,Chinese Simplified,ICE,
591,592,Chinese Traditional,ICE,
592,593,French,ICE,Ere Glaciaire
593,594,German,ICE,Eiszeit
594,595,Italian,ICE,Era Glaciale
595,596,Japanese,ICE,
596,597,Korean,ICE,
597,598,Portuguese (Brazil),ICE,
598,599,Russian,ICE,
599,600,Spanish,ICE,Era Glacial
600,601,Chinese Simplified,IKO,
601,602,Chinese Traditional,IKO,
602,603,French,IKO,Ikoria: Lair of Behemoths
603,604,German,IKO,Ikoria: Lair of Behemoths
604,605,Italian,IKO,Ikoria: Lair of Behemoths
605,606,Japanese,IKO,
606,607,Korean,IKO,
607,608,Portuguese (Brazil),IKO,
608,609,Russian,IKO,
609,610,Spanish,IKO,Ikoria: Lair of Behemoths
610,611,Chinese Simplified,IMA,
611,612,Chinese Traditional,IMA,
612,613,French,IMA,Iconic Masters
613,614,German,IMA,Iconic Masters
614,615,Italian,IMA,Iconic Masters
615,616,Japanese,IMA,
616,617,Korean,IMA,
617,618,Portuguese (Brazil),IMA,
618,619,Russian,IMA,
619,620,Spanish,IMA,Iconic Masters
620,621,Chinese Simplified,INV,
621,622,Chinese Traditional,INV,
622,623,French,INV,Invasion
623,624,German,INV,Invasion
624,625,Italian,INV,Invasione
625,626,Japanese,INV,
626,627,Korean,INV,
627,628,Portuguese (Brazil),INV,
628,629,Russian,INV,
629,630,Spanish,INV,Invasión
630,631,Chinese Simplified,ISD,
631,632,Chinese Traditional,ISD,
632,633,French,ISD,Innistrad
633,634,German,ISD,Innistrad
634,635,Italian,ISD,Innistrad
635,636,Japanese,ISD,
636,637,Korean,ISD,
637,638,Portuguese (Brazil),ISD,
638,639,Russian,ISD,
639,640,Spanish,ISD,Innistrad
640,641,Chinese Simplified,J22,
641,642,Chinese Traditional,J22,
642,643,French,J22,Jumpstart 2022
643,644,German,J22,Jumpstart 2022
644,645,Italian,J22,Jumpstart 2022
645,646,Japanese,J22,
646,647,Korean,J22,
647,648,Portuguese (Brazil),J22,
648,649,Russian,J22,
649,650,Spanish,J22,Jumpstart 2022
650,651,Chinese Simplified,JMP,
651,652,Chinese Traditional,JMP,
652,653,French,JMP,Jumpstart
653,654,German,JMP,Jumpstart
654,655,Italian,JMP,Jumpstart
655,656,Japanese,JMP,
656,657,Korean,JMP,
657,658,Portuguese (Brazil),JMP,
658,659,Russian,JMP,
659,660,Spanish,JMP,Jumpstart
660,661,Chinese Simplified,JOU,
661,662,Chinese Traditional,JOU,
662,663,French,JOU,Incursion dans Nyx
663,664,German,JOU,Reise nach Nyx
664,665,Italian,JOU,Viaggio verso Nyx
665,666,Japanese,JOU,
666,667,Korean,JOU,
667,668,Portuguese (Brazil),JOU,
668,669,Russian,JOU,
669,670,Spanish,JOU,Travesía de Nyx
670,671,Chinese Simplified,JUD,
671,672,Chinese Traditional,JUD,
672,673,French,JUD,Jugement
673,674,German,JUD,Abrechnung
674,675,Italian,JUD,Sentenza
675,676,Japanese,JUD,
676,677,Korean,JUD,
677,678,Portuguese (Brazil),JUD,
678,679,Russian,JUD,
679,680,Spanish,JUD,Juicio
680,681,Chinese Simplified,KHM,
681,682,Chinese Traditional,KHM,
682,683,French,KHM,Kaldheim
683,684,German,KHM,Kaldheim
684,685,Italian,KHM,Kaldheim
685,686,Japanese,KHM,
686,687,Korean,KHM,
687,688,Portuguese (Brazil),KHM,
688,689,Russian,KHM,
689,690,Spanish,KHM,Kaldheim
690,691,Chinese Simplified,KLD,
691,692,Chinese Traditional,KLD,
692,693,French,KLD,Kaladesh
693,694,German,KLD,Kaladesh
694,695,Italian,KLD,Kaladesh
695,696,Japanese,KLD,
696,697,Korean,KLD,
697,698,Portuguese (Brazil),KLD,
698,699,Russian,KLD,
699,700,Spanish,KLD,Kaladesh
700,701,Chinese Simplified,KTK,
701,702,Chinese Traditional,KTK,
702,703,French,KTK,Les Khans de Tarkir
703,704,German,KTK,Khans of Tarkir
704,705,Italian,KTK,Khans of Tarkir
705,706,Japanese,KTK,
706,707,Korean,KTK,
707,708,Portuguese (Brazil),KTK,
708,709,Russian,KTK,
709,710,Spanish,KTK,Khans of Tarkir
710,711,Chinese Simplified,LEA,
711,712,Chinese Traditional,LEA,
712,713,French,LEA,Alpha
713,714,German,LEA,Alpha
714,715,Italian,LEA,Alpha
715,716,Japanese,LEA,
716,717,Korean,LEA,
717,718,Portuguese (Brazil),LEA,
718,719,Russian,LEA,
719,720,Spanish,LEA,Alpha
720,721,Chinese Simplified,LEB,
721,722,Chinese Traditional,LEB,
722,723,French,LEB,Beta
723,724,German,LEB,Beta
724,725,Italian,LEB,Beta
725,726,Japanese,LEB,
726,727,Korean,LEB,
727,728,Portuguese (Brazil),LEB,
728,729,Russian,LEB,
729,730,Spanish,LEB,Beta
730,731,Chinese Simplified,LEG,
731,732,Chinese Traditional,LEG,
732,733,French,LEG,Legends
733,734,German,LEG,Legends
734,735,Italian,LEG,Legends
735,736,Japanese,LEG,
736,737,Korean,LEG,
737,738,Portuguese (Brazil),LEG,
738,739,Russian,LEG,
739,740,Spanish,LEG,Legends
740,741,Chinese Simplified,LGN,
741,742,Chinese Traditional,LGN,
742,743,French,LGN,Légions
743,744,German,LGN,Legionen
744,745,Italian,LGN,Legioni
745,746,Japanese,LGN,
746,747,Korean,LGN,
747,748,Portuguese (Brazil),LGN,
748,749,Russian,LGN,
749,750,Spanish,LGN,Legiones
750,751,Chinese Simplified,LRW,
751,752,Chinese Traditional,LRW,
752,753,French,LRW,Lorwyn
753,754,German,LRW,Lorwyn
754,755,Italian,LRW,Lorwyn
755,756,Japanese,LRW,
756,757,Korean,LRW,
757,758,Portuguese (Brazil),LRW,
758,759,Russian,LRW,
759,760,Spanish,LRW,Lorwyn
760,761,Chinese Simplified,M10,
761,762,Chinese Traditional,M10,
762,763,French,M10,Magic 2010
763,764,German,M10,Magic 2010
764,765,Italian,M10,Magic 2010
765,766,Japanese,M10,
766,767,Korean,M10,
767,768,Portuguese (Brazil),M10,
768,769,Russian,M10,
769,770,Spanish,M10,Magic 2010
770,771,Chinese Simplified,M11,
771,772,Chinese Traditional,M11,
772,773,French,M11,Magic 2011
773,774,German,M11,Magic 2011
774,775,Italian,M11,Magic 2011
775,776,Japanese,M11,
776,777,Korean,M11,
777,778,Portuguese (Brazil),M11,
778,779,Russian,M11,
779,780,Spanish,M11,Magic 2011
780,781,Chinese Simplified,M12,
781,782,Chinese Traditional,M12,
782,783,French,M12,Magic 2012
783,784,German,M12,Magic 2012
784,785,Italian,M12,Magic 2012
785,786,Japanese,M12,
786,787,Korean,M12,
787,788,Portuguese (Brazil),M12,
788,789,Russian,M12,
789,790,Spanish,M12,Magic 2012
790,791,Chinese Simplified,M13,
791,792,Chinese Traditional,M13,
792,793,French,M13,Magic 2013
793,794,German,M13,Magic 2013
794,795,Italian,M13,Magic 2013
795,796,Japanese,M13,
796,797,Korean,M13,
797,798,Portuguese (Brazil),M13,
798,799,Russian,M13,
799,800,Spanish,M13,Magic 2013
800,801,Chinese Simplified,M14,
801,802,Chinese Traditional,M14,
802,803,French,M14,Magic 2014
803,804,German,M14,Magic 2014
804,805,Italian,M14,Magic 2014
805,806,Japanese,M14,
806,807,Korean,M14,
807,808,Portuguese (Brazil),M14,
808,809,Russian,M14,
809,810,Spanish,M14,Magic 2014
810,811,Chinese Simplified,M15,
811,812,Chinese Traditional,M15,
812,813,French,M15,Magic 2015
813,814,German,M15,Magic 2015
814,815,Italian,M15,Magic 2015
815,816,Japanese,M15,
816,817,Korean,M15,
817,818,Portuguese (Brazil),M15,
818,819,Russian,M15,
819,820,Spanish,M15,Magic 2015
820,821,Chinese Simplified,MB1,
821,822,Chinese Traditional,MB1,
822,823,French,MB1,Mystery Booster
823,824,German,MB1,Mystery Booster
824,825,Italian,MB1,Mystery Booster
825,826,Japanese,MB1,
826,827,Korean,MB1,
827,828,Portuguese (Brazil),MB1,
828,829,Russian,MB1,
829,830,Spanish,MB1,Mystery Booster
830,831,Chinese Simplified,MBS,
831,832,Chinese Traditional,MBS,
832,833,French,MBS,Mirrodin assiégé
833,834,German,MBS,Mirrodins Belagerung
834,835,Italian,MBS,Mirrodin Assediato
835,836,Japanese,MBS,
836,837,Korean,MBS,
837,838,Portuguese (Brazil),MBS,
838,839,Russian,MBS,
839,840,Spanish,MBS,Mirrodin sitiado
840,841,Chinese Simplified,MH2,
841,842,Chinese Traditional,MH2,
842,843,French,MH2,Horizons du Modern 2
843,844,German,MH2,Modern: Horizonte 2
844,845,Italian,MH2,Orizzonti di Modern 2
845,846,Japanese,MH2,
846,847,Korean,MH2,
847,848,Portuguese (Brazil),MH2,
848,849,Russian,MH2,
849,850,Spanish,MH2,Horizontes de Modern 2
850,851,Chinese Simplified,MID,
851,852,Chinese Traditional,MID,
852,853,French,MID,Innistrad : chasse de minuit
853,854,German,MID,Innistrad: Mitternachtsjagd
854,855,Italian,MID,Innistrad: Caccia di Mezzanotte
855,856,Japanese,MID,
856,857,Korean,MID,
857,858,Portuguese (Brazil),MID,
858,859,Russian,MID,
859,860,Spanish,MID,Innistrad: Cacería de medianoche
860,861,Chinese Simplified,MIR,
861,862,Chinese Traditional,MIR,
862,863,French,MIR,Mirage
863,864,German,MIR,Trugbilder
864,865,Italian,MIR,Mirage
865,866,Japanese,MIR,
866,867,Korean,MIR,
867,868,Portuguese (Brazil),MIR,
868,869,Russian,MIR,
869,870,Spanish,MIR,Espejismo
870,871,Chinese Simplified,MM2,
871,872,Chinese Traditional,MM2,
872,873,French,MM2,Modern Masters 2015
873,874,German,MM2,Modern Masters 2015
874,875,Italian,MM2,Modern Masters 2015
875,876,Japanese,MM2,
876,877,Korean,MM2,
877,878,Portuguese (Brazil),MM2,
878,879,Russian,MM2,
879,880,Spanish,MM2,Modern Masters 2015
880,881,Chinese Simplified,MM3,
881,882,Chinese Traditional,MM3,
882,883,French,MM3,Modern Masters 2017
883,884,German,MM3,Modern Masters 2017
884,885,Italian,MM3,Modern Masters 2017
885,886,Japanese,MM3,
886,887,Korean,MM3,
887,888,Portuguese (Brazil),MM3,
888,889,Russian,MM3,
889,890,Spanish,MM3,Modern Masters 2017
890,891,Chinese Simplified,MMA,
891,892,Chinese Traditional,MMA,
892,893,French,MMA,Modern Masters
893,894,German,MMA,Modern Masters
894,895,Italian,MMA,Modern Masters
895,896,Japanese,MMA,
896,897,Korean,MMA,
897,898,Portuguese (Brazil),MMA,
898,899,Russian,MMA,
899,900,Spanish,MMA,Modern Masters
900,901,Chinese Simplified,MMQ,
901,902,Chinese Traditional,MMQ,
902,903,French,MMQ,Masques de Mercadia
903,904,German,MMQ,Merkadische Masken
904,905,Italian,MMQ,Maschere di Mercadia
905,906,Japanese,MMQ,
906,907,Korean,MMQ,
907,908,Portuguese (Brazil),MMQ,
908,909,Russian,MMQ,
909,910,Spanish,MMQ,Máscaras de Mercadia
910,911,Chinese Simplified,MOR,
911,912,Chinese Traditional,MOR,
912,913,French,MOR,Leveciel
913,914,German,MOR,Morgenluft
914,915,Italian,MOR,Aurora
915,916,Japanese,MOR,
916,917,Korean,MOR,
917,918,Portuguese (Brazil),MOR,
918,919,Russian,MOR,
919,920,Spanish,MOR,Alborada
920,921,Chinese Simplified,MRD,
921,922,Chinese Traditional,MRD,
922,923,French,MRD,Mirrodin
923,924,German,MRD,Mirrodin
924,925,Italian,MRD,Mirrodin
925,926,Japanese,MRD,
926,927,Korean,MRD,
927,928,Portuguese (Brazil),MRD,
928,929,Russian,MRD,
929,930,Spanish,MRD,Mirrodin
930,931,Chinese Simplified,NEM,
931,932,Chinese Traditional,NEM,
932,933,French,NEM,Némésis
933,934,German,NEM,Nemesis
934,935,Italian,NEM,Nemesis
935,936,Japanese,NEM,
936,937,Korean,NEM,
937,938,Portuguese (Brazil),NEM,
938,939,Russian,NEM,
939,940,Spanish,NEM,Némesis
940,941,Chinese Simplified,NEO,
941,942,Chinese Traditional,NEO,
942,943,French,NEO,Kamigawa: La Dynastie Néon
943,944,German,NEO,Kamigawa: Neon-Dynastie
944,945,Italian,NEO,Kamigawa: Dinastia Neon
945,946,Japanese,NEO,
946,947,Korean,NEO,
947,948,Portuguese (Brazil),NEO,
948,949,Russian,NEO,
949,950,Spanish,NEO,Kamigawa: Dinastía de neón
950,951,Chinese Simplified,NPH,
951,952,Chinese Traditional,NPH,
952,953,French,NPH,La Nouvelle Phyrexia
953,954,German,NPH,Das neue Phyrexia
954,955,Italian,NPH,Nuova Phyrexia
955,956,Japanese,NPH,
956,957,Korean,NPH,
957,958,Portuguese (Brazil),NPH,
958,959,Russian,NPH,
959,960,Spanish,NPH,Nueva Phyrexia
960,961,Chinese Simplified,ODY,
961,962,Chinese Traditional,ODY,
962,963,French,ODY,Odyssée
963,964,German,ODY,Odyssee
964,965,Italian,ODY,Odissea
965,966,Japanese,ODY,
966,967,Korean,ODY,
967,968,Portuguese (Brazil),ODY,
968,969,Russian,ODY,
969,970,Spanish,ODY,Odisea
970,971,Chinese Simplified,OGW,
971,972,Chinese Traditional,OGW,
972,973,French,OGW,Le serment des Sentinelles
973,974,German,OGW,Eid der Wächter
974,975,Italian,OGW,Oath of the Gatewatch
975,976,Japanese,OGW,
976,977,Korean,OGW,
977,978,Portuguese (Brazil),OGW,
978,979,Russian,OGW,
979,980,Spanish,OGW,El Juramento de los Guardianes
980,981,Chinese Simplified,ONE,
981,982,Chinese Traditional,ONE,
982,983,French,ONE,Tous Phyrexians
983,984,German,ONE,Phyrexia: Alles wird eins
984,985,Italian,ONE,Phyrexia: Tutto Diverrà Uno
985,986,Japanese,ONE,
986,987,Korean,ONE,
987,988,Portuguese (Brazil),ONE,
988,989,Russian,ONE,
989,990,Spanish,ONE,Pirexia: Todos serán uno
990,991,Chinese Simplified,ONS,
991,992,Chinese Traditional,ONS,
992,993,French,ONS,Carnage
993,994,German,ONS,Aufmarsch
994,995,Italian,ONS,Assalto
995,996,Japanese,ONS,
996,997,Korean,ONS,
997,998,Portuguese (Brazil),ONS,
998,999,Russian,ONS,
999,1000,Spanish,ONS,Embestida
1000,1001,Chinese Simplified,ORI,
1001,1002,Chinese Traditional,ORI,
1002,1003,French,ORI,Magic Origines
1003,1004,German,ORI,Magic Ursprünge
1004,1005,Italian,ORI,Magic Origins
1005,1006,Japanese,ORI,
1006,1007,Korean,ORI,
1007,1008,Portuguese (Brazil),ORI,
1008,1009,Russian,ORI,
1009,1010,Spanish,ORI,Magic Orígenes
1010,1011,Chinese Simplified,P02,
1011,1012,Chinese Traditional,P02,
1012,1013,French,P02,Portal Second Age
1013,1014,German,P02,Portal Zweites Zeitalter
1014,1015,Italian,P02,Portal Seconda Era
1015,1016,Japanese,P02,
1016,1017,Korean,P02,
1017,1018,Portuguese (Brazil),P02,
1018,1019,Russian,P02,
1019,1020,Spanish,P02,Portal Segunda Edad
1020,1021,Chinese Simplified,PCY,
1021,1022,Chinese Traditional,PCY,
1022,1023,French,PCY,Prophétie
1023,1024,German,PCY,Prophezeihung
1024,1025,Italian,PCY,Profezia
1025,1026,Japanese,PCY,
1026,1027,Korean,PCY,
1027,1028,Portuguese (Brazil),PCY,
1028,1029,Russian,PCY,
1029,1030,Spanish,PCY,Profecía
1030,1031,Chinese Simplified,PLC,
1031,1032,Chinese Traditional,PLC,
1032,1033,French,PLC,Chaos planaire
1033,1034,German,PLC,Weltenchaos
1034,1035,Italian,PLC,Caos Dimensionale
1035,1036,Japanese,PLC,
1036,1037,Korean,PLC,
1037,1038,Portuguese (Brazil),PLC,
1038,1039,Russian,PLC,
1039,1040,Spanish,PLC,Caos planar
1040,1041,Chinese Simplified,PLS,
1041,1042,Chinese Traditional,PLS,
1042,1043,French,PLS,Planeshift
1043,1044,German,PLS,Weltenwechsel
1044,1045,Italian,PLS,Congiunzione
1045,1046,Japanese,PLS,
1046,1047,Korean,PLS,
1047,1048,Portuguese (Brazil),PLS,
1048,1049,Russian,PLS,
1049,1050,Spanish,PLS,Transmigración
1050,1051,Chinese Simplified,POR,
1051,1052,Chinese Traditional,POR,
1052,1053,French,POR,Portal
1053,1054,German,POR,Portal
1054,1055,Italian,POR,Portal
1055,1056,Japanese,POR,
1056,1057,Korean,POR,
1057,1058,Portuguese (Brazil),POR,
1058,1059,Russian,POR,
1059,1060,Spanish,POR,Portal
1060,1061,Chinese Simplified,PTK,
1061,1062,Chinese Traditional,PTK,
1062,1063,French,PTK,Portal Three Kingdoms
1063,1064,German,PTK,Portal Three Kingdoms
1064,1065,Italian,PTK,Portal Three Kingdoms
1065,1066,Japanese,PTK,
1066,1067,Korean,PTK,
1067,1068,Portuguese (Brazil),PTK,
1068,1069,Russian,PTK,
1069,1070,Spanish,PTK,Portal Three Kingdoms
1070,1071,Chinese Simplified,RAV,
1071,1072,Chinese Traditional,RAV,
1072,1073,French,RAV,Ravnica: La Cité des Guildes
1073,1074,German,RAV,Ravnica: Stadt der Gilden
1074,1075,Italian,RAV,Ravnica: Città delle Gilde
1075,1076,Japanese,RAV,
1076,1077,Korean,RAV,
1077,1078,Portuguese (Brazil),RAV,
1078,1079,Russian,RAV,
1079,1080,Spanish,RAV,Rávnica: Ciudad de Gremios
1080,1081,Chinese Simplified,REN,
1081,1082,Chinese Traditional,REN,
1082,1083,French,REN,Renaissance
1083,1084,German,REN,Renaissance
1084,1085,Italian,REN,Renaissance
1085,1086,Japanese,REN,
1086,1087,Korean,REN,
1087,1088,Portuguese (Brazil),REN,
1088,1089,Russian,REN,
1089,1090,Spanish,REN,Renaissance
1090,1091,Chinese Simplified,RIN,
1091,1092,Chinese Traditional,RIN,
1092,1093,French,RIN,Rinascimento
1093,1094,German,RIN,Rinascimento
1094,1095,Italian,RIN,Rinascimento
1095,1096,Japanese,RIN,
1096,1097,Korean,RIN,
1097,1098,Portuguese (Brazil),RIN,
1098,1099,Russian,RIN,
1099,1100,Spanish,RIN,Rinascimento
1100,1101,Chinese Simplified,RIX,
1101,1102,Chinese Traditional,RIX,
1102,1103,French,RIX,Les combattants d'Ixalan
1103,1104,German,RIX,Rivalen von Ixalan
1104,1105,Italian,RIX,Rivali di Ixalan
1105,1106,Japanese,RIX,
1106,1107,Korean,RIX,
1107,1108,Portuguese (Brazil),RIX,
1108,1109,Russian,RIX,
1109,1110,Spanish,RIX,Rivales de Ixalan
1110,1111,Chinese Simplified,RNA,
1111,1112,Chinese Traditional,RNA,
1112,1113,French,RNA,L'allégeance de Ravnica
1113,1114,German,RNA,Ravnica Allegiance
1114,1115,Italian,RNA,Ravnica Allegiance
1115,1116,Japanese,RNA,
1116,1117,Korean,RNA,
1117,1118,Portuguese (Brazil),RNA,
1118,1119,Russian,RNA,
1119,1120,Spanish,RNA,La lealtad de Ravnica
1120,1121,Chinese Simplified,ROE,
1121,1122,Chinese Traditional,ROE,
1122,1123,French,ROE,L'ascension des Eldrazi
1123,1124,German,ROE,Aufstieg der Eldrazi
1124,1125,Italian,ROE,Ascesa degli Eldrazi
1125,1126,Japanese,ROE,
1126,1127,Korean,ROE,
1127,1128,Portuguese (Brazil),ROE,
1128,1129,Russian,ROE,
1129,1130,Spanish,ROE,Levantamiento de los Eldrazi
1130,1131,Chinese Simplified,RTR,
1131,1132,Chinese Traditional,RTR,
1132,1133,French,RTR,Retour à Ravnica
1133,1134,German,RTR,Return to Ravnica
1134,1135,Italian,RTR,Return to Ravnica
1135,1136,Japanese,RTR,
1136,1137,Korean,RTR,
1137,1138,Portuguese (Brazil),RTR,
1138,1139,Russian,RTR,
1139,1140,Spanish,RTR,Vuelta a Ravnica
1140,1141,Chinese Simplified,S99,
1141,1142,Chinese Traditional,S99,
1142,1143,French,S99,Starter 1999
1143,1144,German,S99,Starter 1999
1144,1145,Italian,S99,Starter 1999
1145,1146,Japanese,S99,
1146,1147,Korean,S99,
1147,1148,Portuguese (Brazil),S99,
1148,1149,Russian,S99,
1149,1150,Spanish,S99,Starter 1999
1150,1151,Chinese Simplified,SCG,
1151,1152,Chinese Traditional,SCG,
1152,1153,French,SCG,Fléau
1153,1154,German,SCG,Plagen
1154,1155,Italian,SCG,Flagello
1155,1156,Japanese,SCG,
1156,1157,Korean,SCG,
1157,1158,Portuguese (Brazil),SCG,
1158,1159,Russian,SCG,
1159,1160,Spanish,SCG,Azote
1160,1161,Chinese Simplified,SHM,
1161,1162,Chinese Traditional,SHM,
1162,1163,French,SHM,Sombrelande
1163,1164,German,SHM,Schattenmoor
1164,1165,Italian,SHM,Landa Tenebrosa
1165,1166,Japanese,SHM,
1166,1167,Korean,SHM,
1167,1168,Portuguese (Brazil),SHM,
1168,1169,Russian,SHM,
1169,1170,Spanish,SHM,Páramo Sombrío
1170,1171,Chinese Simplified,SNC,
1171,1172,Chinese Traditional,SNC,
1172,1173,French,SNC,Les rues de la Nouvelle-Capenna
1173,1174,German,SNC,Straßen von Neu-Capenna
1174,1175,Italian,SNC,Strade di Nuova Capenna
1175,1176,Japanese,SNC,
1176,1177,Korean,SNC,
1177,1178,Portuguese (Brazil),SNC,
1178,1179,Russian,SNC,
1179,1180,Spanish,SNC,Calles de Nueva Capenna
1180,1181,Chinese Simplified,SOI,
1181,1182,Chinese Traditional,SOI,
1182,1183,French,SOI,Ténèbres sur Innistrad
1183,1184,German,SOI,Schatten über Innistrad
1184,1185,Italian,SOI,Ombre su Innistrad
1185,1186,Japanese,SOI,
1186,1187,Korean,SOI,
1187,1188,Portuguese (Brazil),SOI,
1188,1189,Russian,SOI,
1189,1190,Spanish,SOI,Sombras sobre Innistrad
1190,1191,Chinese Simplified,SOK,
1191,1192,Chinese Traditional,SOK,
1192,1193,French,SOK,Libérateurs de Kamigawa
1193,1194,German,SOK,Retter von Kamigawa
1194,1195,Italian,SOK,Liberatori di Kamigawa
1195,1196,Japanese,SOK,
1196,1197,Korean,SOK,
1197,1198,Portuguese (Brazil),SOK,
1198,1199,Russian,SOK,
1199,1200,Spanish,SOK,Salvadores de Kamigawa
1200,1201,Chinese Simplified,SOM,
1201,1202,Chinese Traditional,SOM,
1202,1203,French,SOM,Cicatrices de Mirrodin
1203,1204,German,SOM,Narben von Mirrodin
1204,1205,Italian,SOM,Cicatrici di Mirrodin
1205,1206,Japanese,SOM,
1206,1207,Korean,SOM,
1207,1208,Portuguese (Brazil),SOM,
1208,1209,Russian,SOM,
1209,1210,Spanish,SOM,Cicatrices de Mirrodin
1210,1211,Chinese Simplified,STH,
1211,1212,Chinese Traditional,STH,
1212,1213,French,STH,Forteresse
1213,1214,German,STH,Felsenburg
1214,1215,Italian,STH,Fortezza
1215,1216,Japanese,STH,
1216,1217,Korean,STH,
1217,1218,Portuguese (Brazil),STH,
1218,1219,Russian,STH,
1219,1220,Spanish,STH,Fortaleza
1220,1221,Chinese Simplified,STX,
1221,1222,Chinese Traditional,STX,
1222,1223,French,STX,Strixhaven: l'Académie des Mages
1223,1224,German,STX,Strixhaven: Akademie der Magier
1224,1225,Italian,STX,Strixhaven: Scuola dei Maghi
1225,1226,Japanese,STX,
1226,1227,Korean,STX,
1227,1228,Portuguese (Brazil),STX,
1228,1229,Russian,STX,
1229,1230,Spanish,STX,Strixhaven: Academia de Magos
1230,1231,Chinese Simplified,SUM,
1231,1232,Chinese Traditional,SUM,
1232,1233,French,SUM,Summer Magic
1233,1234,German,SUM,Summer Magic
1234,1235,Italian,SUM,Summer Magic
1235,1236,Japanese,SUM,
1236,1237,Korean,SUM,
1237,1238,Portuguese (Brazil),SUM,
1238,1239,Russian,SUM,
1239,1240,Spanish,SUM,Summer Magic
1240,1241,Chinese Simplified,THB,
1241,1242,Chinese Traditional,THB,
1242,1243,French,THB,Theros Beyond Death
1243,1244,German,THB,Theros Beyond Death
1244,1245,Italian,THB,Theros Beyond Death
1245,1246,Japanese,THB,
1246,1247,Korean,THB,
1247,1248,Portuguese (Brazil),THB,
1248,1249,Russian,THB,
1249,1250,Spanish,THB,Theros Beyond Death
1250,1251,Chinese Simplified,THS,
1251,1252,Chinese Traditional,THS,
1252,1253,French,THS,Theros
1253,1254,German,THS,Theros
1254,1255,Italian,THS,Theros
1255,1256,Japanese,THS,
1256,1257,Korean,THS,
1257,1258,Portuguese (Brazil),THS,
1258,1259,Russian,THS,
1259,1260,Spanish,THS,Theros
1260,1261,Chinese Simplified,TMP,
1261,1262,Chinese Traditional,TMP,
1262,1263,French,TMP,Tempête
1263,1264,German,TMP,Sturmwind
1264,1265,Italian,TMP,Tempesta
1265,1266,Japanese,TMP,
1266,1267,Korean,TMP,
1267,1268,Portuguese (Brazil),TMP,
1268,1269,Russian,TMP,
1269,1270,Spanish,TMP,Tempestad
1270,1271,Chinese Simplified,TOR,
1271,1272,Chinese Traditional,TOR,
1272,1273,French,TOR,Tourment
1273,1274,German,TOR,Qualen
1274,1275,Italian,TOR,Tormento
1275,1276,Japanese,TOR,
1276,1277,Korean,TOR,
1277,1278,Portuguese (Brazil),TOR,
1278,1279,Russian,TOR,
1279,1280,Spanish,TOR,Tormento
1280,1281,Chinese Simplified,TSP,
1281,1282,Chinese Traditional,TSP,
1282,1283,French,TSP,Spirale Temporelle
1283,1284,German,TSP,Zeitspirale
1284,1285,Italian,TSP,Spirale Temporale
1285,1286,Japanese,TSP,
1286,1287,Korean,TSP,
1287,1288,Portuguese (Brazil),TSP,
1288,1289,Russian,TSP,
1289,1290,Spanish,TSP,Espiral del Tiempo
1290,1291,Chinese Simplified,TSR,
1291,1292,Chinese Traditional,TSR,
1292,1293,French,TSR,Spirale Temporelle Remastered
1293,1294,German,TSR,Zeitspirale Remastered
1294,1295,Italian,TSR,Spirale Temporale Remastered
1295,1296,Japanese,TSR,
1296,1297,Korean,TSR,
1297,1298,Portuguese (Brazil),TSR,
1298,1299,Russian,TSR,
1299,1300,Spanish,TSR,Espiral del tiempo Remasterizada
1300,1301,Chinese Simplified,UDS,
1301,1302,Chinese Traditional,UDS,
1302,1303,French,UDS,Destinée d'Urza
1303,1304,German,UDS,Urzas Schicksal
1304,1305,Italian,UDS,Destino di Urza
1305,1306,Japanese,UDS,
1306,1307,Korean,UDS,
1307,1308,Portuguese (Brazil),UDS,
1308,1309,Russian,UDS,
1309,1310,Spanish,UDS,El Destino de Urza
1310,1311,Chinese Simplified,UGL,
1311,1312,Chinese Traditional,UGL,
1312,1313,French,UGL,Unglued
1313,1314,German,UGL,Unglued
1314,1315,Italian,UGL,Unglued
1315,1316,Japanese,UGL,
1316,1317,Korean,UGL,
1317,1318,Portuguese (Brazil),UGL,
1318,1319,Russian,UGL,
1319,1320,Spanish,UGL,Unglued
1320,1321,Chinese Simplified,ULG,
1321,1322,Chinese Traditional,ULG,
1322,1323,French,ULG,Héritage d'Urza
1323,1324,German,ULG,Urzas Vermächtnis
1324,1325,Italian,ULG,Eredità di Urza
1325,1326,Japanese,ULG,
1326,1327,Korean,ULG,
1327,1328,Portuguese (Brazil),ULG,
1328,1329,Russian,ULG,
1329,1330,Spanish,ULG,El Legado de Urza
1330,1331,Chinese Simplified,UMA,
1331,1332,Chinese Traditional,UMA,
1332,1333,French,UMA,Ultimate Masters
1333,1334,German,UMA,Ultimate Masters
1334,1335,Italian,UMA,Ultimate Masters
1335,1336,Japanese,UMA,
1336,1337,Korean,UMA,
1337,1338,Portuguese (Brazil),UMA,
1338,1339,Russian,UMA,
1339,1340,Spanish,UMA,Ultimate Masters
1340,1341,Chinese Simplified,UNF,
1341,1342,Chinese Traditional,UNF,
1342,1343,French,UNF,Unfinity
1343,1344,German,UNF,Unfinity
1344,1345,Italian,UNF,Unfinity
1345,1346,Japanese,UNF,
1346,1347,Korean,UNF,
1347,1348,Portuguese (Brazil),UNF,
1348,1349,Russian,UNF,
1349,1350,Spanish,UNF,Unfinity
1350,1351,Chinese Simplified,UNH,
1351,1352,Chinese Traditional,UNH,
1352,1353,French,UNH,Unhinged
1353,1354,German,UNH,Unhinged
1354,1355,Italian,UNH,Unhinged
1355,1356,Japanese,UNH,
1356,1357,Korean,UNH,
1357,1358,Portuguese (Brazil),UNH,
1358,1359,Russian,UNH,
1359,1360,Spanish,UNH,Unhinged
1360,1361,Chinese Simplified,USG,
1361,1362,Chinese Traditional,USG,
1362,1363,French,USG,Epopée d'Urza
1363,1364,German,USG,Urzas Saga
1364,1365,Italian,USG,Saga di Urza
1365,1366,Japanese,USG,
1366,1367,Korean,USG,
1367,1368,Portuguese (Brazil),USG,
1368,1369,Russian,USG,
1369,1370,Spanish,USG,La Saga de Urza
1370,1371,Chinese Simplified,UST,
1371,1372,Chinese Traditional,UST,
1372,1373,French,UST,Unstable
1373,1374,German,UST,Unstable
1374,1375,Italian,UST,Unstable
1375,1376,Japanese,UST,
1376,1377,Korean,UST,
1377,1378,Portuguese (Brazil),UST,
1378,1379,Russian,UST,
1379,1380,Spanish,UST,Unstable
1380,1381,Chinese Simplified,VIS,
1381,1382,Chinese Traditional,VIS,
1382,1383,French,VIS,Visions
1383,1384,German,VIS,Visionen
1384,1385,Italian,VIS,Visioni
1385,1386,Japanese,VIS,
1386,1387,Korean,VIS,
1387,1388,Portuguese (Brazil),VIS,
1388,1389,Russian,VIS,
1389,1390,Spanish,VIS,Visiones
1390,1391,Chinese Simplified,VOW,
1391,1392,Chinese Traditional,VOW,
1392,1393,French,VOW,Innistrad : noce écarlate
1393,1394,German,VOW,Innistrad: Blutroter Bund
1394,1395,Italian,VOW,Innistrad: Promessa Cremisi
1395,1396,Japanese,VOW,
1396,1397,Korean,VOW,
1397,1398,Portuguese (Brazil),VOW,
1398,1399,Russian,VOW,
1399,1400,Spanish,VOW,Innistrad: Compromiso escarlata
1400,1401,Chinese Simplified,WAR,
1401,1402,Chinese Traditional,WAR,
1402,1403,French,WAR,La guerre des Planeswalkers
1403,1404,German,WAR,Krieg der Funken
1404,1405,Italian,WAR,La Guerra della Scintilla
1405,1406,Japanese,WAR,
1406,1407,Korean,WAR,
1407,1408,Portuguese (Brazil),WAR,
1408,1409,Russian,WAR,
1409,1410,Spanish,WAR,La Guerra de la Chispa
1410,1411,Chinese Simplified,WTH,
1411,1412,Chinese Traditional,WTH,
1412,1413,French,WTH,Aquilon
1413,1414,German,WTH,Wetterlicht
1414,1415,Italian,WTH,Cavalcavento
1415,1416,Japanese,WTH,
1416,1417,Korean,WTH,
1417,1418,Portuguese (Brazil),WTH,
1418,1419,Russian,WTH,
1419,1420,Spanish,WTH,El Vientoligero
1420,1421,Chinese Simplified,WWK,
1421,1422,Chinese Traditional,WWK,
1422,1423,French,WWK,Worldwake
1423,1424,German,WWK,Weltenerwachen
1424,1425,Italian,WWK,Worldwake
1425,1426,Japanese,WWK,
1426,1427,Korean,WWK,
1427,1428,Portuguese (Brazil),WWK,
1428,1429,Russian,WWK,
1429,1430,Spanish,WWK,Despertar del Mundo
1430,1431,Chinese Simplified,XLN,
1431,1432,Chinese Traditional,XLN,
1432,1433,French,XLN,Ixalan
1433,1434,German,XLN,Ixalan
1434,1435,Italian,XLN,Ixalan
1435,1436,Japanese,XLN,
1436,1437,Korean,XLN,
1437,1438,Portuguese (Brazil),XLN,
1438,1439,Russian,XLN,
1439,1440,Spanish,XLN,Ixalan
1440,1441,Chinese Simplified,ZEN,
1441,1442,Chinese Traditional,ZEN,
1442,1443,French,ZEN,Zendikar
1443,1444,German,ZEN,Zendikar
1444,1445,Italian,ZEN,Zendikar
1445,1446,Japanese,ZEN,
1446,1447,Korean,ZEN,
1447,1448,Portuguese (Brazil),ZEN,
1448,1449,Russian,ZEN,
1449,1450,Spanish,ZEN,Zendikar
1450,1451,Chinese Simplified,ZNR,
1451,1452,Chinese Traditional,ZNR,
1452,1453,French,ZNR,Renaissance de Zendikar
1453,1454,German,ZNR,Zendikars Erneuerung
1454,1455,Italian,ZNR,Rinascita di Zendikar
1455,1456,Japanese,ZNR,
1456,1457,Korean,ZNR,
1457,1458,Portuguese (Brazil),ZNR,
1458,1459,Russian,ZNR,
1459,1460,Spanish,ZNR,El resurgir de Zendikar
