"","PLAYERS","NO_APPEARANCES","TOTAL_NB_MATCHES","WINRATE_AVERAGE","WINRATE_95_MIN","WINRATE_95_MAX","TOTAL_POINTS","ARCHETYPE_NAMES","ARCHETYPE_COUNT","URL"
"1","Oscar_Franco",3,27,0.777777777777778,0.577416939955621,0.913783060052433,63,"Azorius Control","3","https://magic.wizards.com/en/articles/archive/mtgo-standings/modern-challenge-2021-02-21#oscar_franco_st_place; https://magic.wizards.com/en/articles/archive/mtgo-standings/modern-challenge-2021-02-22#oscar_franco_nd_place; https://magic.wizards.com/en/articles/archive/mtgo-standings/modern-challenge-2021-03-01#oscar_franco_th_place"
"2","Heibing",3,24,0.708333333333333,0.489052186142167,0.873847911476309,51,"Living End","3","https://magic.wizards.com/en/articles/archive/mtgo-standings/modern-challenge-2021-02-21#heibing_th_place; https://magic.wizards.com/en/articles/archive/mtgo-standings/modern-challenge-2021-02-22#heibing_th_place; https://magic.wizards.com/en/articles/archive/mtgo-standings/modern-challenge-2021-02-28#heibing_th_place"
"3","moksha",4,23,0.739130434782609,0.515948029597562,0.897713866084642,51,"BTL Scapeshift; Slivers","3; 1","https://magic.wizards.com/en/articles/archive/mtgo-standings/modern-challenge-2021-02-21#moksha_th_place; https://magic.wizards.com/en/articles/archive/mtgo-standings/modern-challenge-2021-02-22#moksha_th_place; https://magic.wizards.com/en/articles/archive/mtgo-standings/modern-preliminary-2021-02-18#moksha_-; https://magic.wizards.com/en/articles/archive/mtgo-standings/modern-preliminary-2021-02-25#moksha_-"
"4","xfile",4,25,0.68,0.464999282502628,0.85050457738643,51,"Burn","4","https://magic.wizards.com/en/articles/archive/mtgo-standings/modern-challenge-2021-02-28#xfile_th_place; https://magic.wizards.com/en/articles/archive/mtgo-standings/modern-challenge-2021-03-01#xfile_nd_place; https://magic.wizards.com/en/articles/archive/mtgo-standings/modern-preliminary-2021-02-23#xfile_-; https://magic.wizards.com/en/articles/archive/mtgo-standings/modern-preliminary-2021-02-26#xfile_-"
"5","_titoWii_96",3,20,0.8,0.563385997003332,0.942666002949967,48,"Blue Scapeshift; Polymorph; Titan Shift","1; 1; 1","https://magic.wizards.com/en/articles/archive/mtgo-standings/modern-challenge-2021-02-22#_titowii__th_place; https://magic.wizards.com/en/articles/archive/mtgo-standings/modern-challenge-2021-02-28#_titowii__th_place; https://magic.wizards.com/en/articles/archive/mtgo-standings/modern-preliminary-2021-02-27#_titowii__-"
"6","Lollopollo2001",3,23,0.652173913043478,0.427343963036494,0.83623640162505,45,"Bogles","3","https://magic.wizards.com/en/articles/archive/mtgo-standings/modern-challenge-2021-02-21#lollopollo_th_place; https://magic.wizards.com/en/articles/archive/mtgo-standings/modern-challenge-2021-02-28#lollopollo_st_place; https://magic.wizards.com/en/articles/archive/mtgo-standings/modern-challenge-2021-03-01#lollopollo_th_place"
"7","katoriarch123",3,24,0.625,0.405936384007944,0.812007071803998,45,"Esper Control","3","https://magic.wizards.com/en/articles/archive/mtgo-standings/modern-challenge-2021-02-21#katoriarch_nd_place; https://magic.wizards.com/en/articles/archive/mtgo-standings/modern-challenge-2021-02-22#katoriarch_th_place; "
"8","Laplasjan",2,18,0.833333333333333,0.585822508605226,0.964214916878425,45,"Hammer Time","2","https://magic.wizards.com/en/articles/archive/mtgo-standings/modern-challenge-2021-02-22#laplasjan_th_place; https://magic.wizards.com/en/articles/archive/mtgo-standings/modern-challenge-2021-03-01#laplasjan_st_place"
"9","toondoslav",3,19,0.736842105263158,0.487970654654127,0.908534215092333,42,"Infect","3","https://magic.wizards.com/en/articles/archive/mtgo-standings/modern-challenge-2021-02-28#toondoslav_th_place; https://magic.wizards.com/en/articles/archive/mtgo-standings/modern-challenge-2021-03-01#toondoslav_th_place; https://magic.wizards.com/en/articles/archive/mtgo-standings/modern-preliminary-2021-02-26#toondoslav_-"
"10","Xwhale",3,17,0.823529411764706,0.565682127155716,0.962014931929374,42,"Eldrazi Tron","3","https://magic.wizards.com/en/articles/archive/mtgo-standings/modern-preliminary-2021-02-19#xwhale_-; https://magic.wizards.com/en/articles/archive/mtgo-standings/modern-preliminary-2021-02-26#xwhale_-; "
"11","remf",2,16,0.75,0.476229180103872,0.927337961747118,36,"Spirits","2","https://magic.wizards.com/en/articles/archive/mtgo-standings/modern-challenge-2021-02-28#remf_th_place; https://magic.wizards.com/en/articles/archive/mtgo-standings/modern-challenge-2021-03-01#remf_th_place"
"12","JustBurn420",3,15,0.8,0.519108866193147,0.956687994894163,36,"Slivers","3","https://magic.wizards.com/en/articles/archive/mtgo-standings/modern-challenge-2021-03-01#justburn_th_place; https://magic.wizards.com/en/articles/archive/mtgo-standings/modern-preliminary-2021-02-24#justburn_-; https://magic.wizards.com/en/articles/archive/mtgo-standings/modern-preliminary-2021-02-25#justburn_-"
"13","idutra",2,16,0.6875,0.413379363548641,0.889830045282883,33,"Mill","2","https://magic.wizards.com/en/articles/archive/mtgo-standings/modern-challenge-2021-02-21#idutra_th_place; https://magic.wizards.com/en/articles/archive/mtgo-standings/modern-challenge-2021-02-22#idutra_th_place"
"14","Samcaster-Mage",2,15,0.733333333333333,0.448996758963029,0.922128453708956,33,"Eldrazi Tron","2","https://magic.wizards.com/en/articles/archive/mtgo-standings/modern-challenge-2021-02-21#samcaster-mage_th_place; https://magic.wizards.com/en/articles/archive/mtgo-standings/modern-challenge-2021-03-01#samcaster-mage_th_place"
"15","ArchaeusDota",2,15,0.733333333333333,0.448996758963029,0.922128453708956,33,"Jund Midrange; Thopter Urza","1; 1","https://magic.wizards.com/en/articles/archive/mtgo-standings/modern-challenge-2021-02-22#archaeusdota_th_place; https://magic.wizards.com/en/articles/archive/mtgo-standings/modern-challenge-2021-03-01#archaeusdota_th_place"
"16","scipios",2,14,0.714285714285714,0.418964742816338,0.916110681692872,30,"Dredge; Boros Prowess","1; 1","https://magic.wizards.com/en/articles/archive/mtgo-standings/modern-challenge-2021-02-22#scipios_th_place; https://magic.wizards.com/en/articles/archive/mtgo-standings/modern-challenge-2021-03-01#scipios_nd_place"
"17","MaxMagicer",2,15,0.666666666666667,0.383803732541154,0.881758896633119,30,"Green Tron","2","https://magic.wizards.com/en/articles/archive/mtgo-standings/modern-challenge-2021-02-28#maxmagicer_th_place; https://magic.wizards.com/en/articles/archive/mtgo-standings/modern-challenge-2021-03-01#maxmagicer_th_place"
"18","penips",3,12,0.833333333333333,0.515862251314033,0.979137474539908,30,"Mono White Taxes","3","https://magic.wizards.com/en/articles/archive/mtgo-standings/modern-preliminary-2021-02-18#penips_-; https://magic.wizards.com/en/articles/archive/mtgo-standings/modern-preliminary-2021-02-19#penips_-; https://magic.wizards.com/en/articles/archive/mtgo-standings/modern-preliminary-2021-02-24#penips_-"
"19","solaec0501",2,13,0.769230769230769,0.461868460765959,0.949618926508848,30,"Hammer Time","2","https://magic.wizards.com/en/articles/archive/mtgo-standings/modern-preliminary-2021-02-20#solaec_-; "
"20","PTarts2win",2,11,0.909090909090909,0.587220083011617,0.997701027786186,30,"Green Tron; Dredge","1; 1","https://magic.wizards.com/en/articles/archive/mtgo-standings/modern-preliminary-2021-02-25#ptartswin_-; https://www.mtggoldfish.com/deck/3783519"
"21","JUJUBEAN__2004",1,11,0.818181818181818,0.482244147639827,0.97716880170004,27,"Heliod Combo","1","https://magic.wizards.com/en/articles/archive/mtgo-standings/modern-challenge-2021-02-21#jujubean___nd_place"
"22","pedrogush",2,15,0.6,0.322869766206282,0.836635676140487,27,"Hammer Time","2","https://magic.wizards.com/en/articles/archive/mtgo-standings/modern-challenge-2021-02-21#pedrogush_th_place; https://magic.wizards.com/en/articles/archive/mtgo-standings/modern-challenge-2021-02-22#pedrogush_th_place"
"23","MrRaeb",1,10,0.9,0.554983882971805,0.997471421455538,27,"Heliod Combo","1","https://magic.wizards.com/en/articles/archive/mtgo-standings/modern-challenge-2021-02-22#mrraeb_st_place"
"24","Mateusf34",2,14,0.642857142857143,0.351380110615992,0.872401570140841,27,"Eldrazi Tron","2","https://magic.wizards.com/en/articles/archive/mtgo-standings/modern-challenge-2021-02-22#mateusf_st_place; https://magic.wizards.com/en/articles/archive/mtgo-standings/modern-challenge-2021-03-01#mateusf_th_place"
"25","Rosencrantz_920",1,11,0.818181818181818,0.482244147639827,0.97716880170004,27,"Amulet Titan","1","https://magic.wizards.com/en/articles/archive/mtgo-standings/modern-challenge-2021-02-28#rosencrantz__st_place"
"26","Golgarburr",1,10,0.9,0.554983882971805,0.997471421455538,27,"Jund Midrange","1","https://magic.wizards.com/en/articles/archive/mtgo-standings/modern-challenge-2021-02-28#golgarburr_rd_place"
"27","Moniz0801",2,12,0.75,0.428141538121811,0.945139355472007,27,"Amulet Titan","2","https://magic.wizards.com/en/articles/archive/mtgo-standings/modern-challenge-2021-03-01#moniz_th_place; https://magic.wizards.com/en/articles/archive/mtgo-standings/modern-preliminary-2021-02-25#moniz_-"
"28","iDaveW",3,12,0.75,0.428141538121811,0.945139355472007,27,"5 Color Turbo Tibalt; Jund Midrange; Elves","1; 1; 1","https://magic.wizards.com/en/articles/archive/mtgo-standings/modern-preliminary-2021-02-16#idavew_-; https://magic.wizards.com/en/articles/archive/mtgo-standings/modern-preliminary-2021-02-17#idavew_-; https://magic.wizards.com/en/articles/archive/mtgo-standings/modern-preliminary-2021-02-20#idavew_-"
"29","musasabi",1,9,1,0.663732883120057,1,27,"Mardu Midrange","1",""
"30","fingers1991",1,10,0.8,0.443904537692359,0.974789273673167,24,"Burn","1","https://magic.wizards.com/en/articles/archive/mtgo-standings/modern-challenge-2021-02-21#fingers_rd_place"
"31","quinniac",1,9,0.888888888888889,0.517503485082663,0.997190863253401,24,"Burn","1","https://magic.wizards.com/en/articles/archive/mtgo-standings/modern-challenge-2021-02-21#quinniac_th_place"
"32","paucr5",1,10,0.8,0.443904537692359,0.974789273673167,24,"Heliod Combo","1","https://magic.wizards.com/en/articles/archive/mtgo-standings/modern-challenge-2021-02-22#paucr_nd_place"
"33","Sanitoeter",1,11,0.727272727272727,0.390257440427579,0.939782265827093,24,"Jund Midrange","1","https://magic.wizards.com/en/articles/archive/mtgo-standings/modern-challenge-2021-02-28#sanitoeter_nd_place"
"34","Meltiin",2,12,0.666666666666667,0.348875506418814,0.900753908850417,24,"BTL Scapeshift; Titan Shift","1; 1","https://magic.wizards.com/en/articles/archive/mtgo-standings/modern-challenge-2021-02-28#meltiin_st_place; https://magic.wizards.com/en/articles/archive/mtgo-standings/modern-preliminary-2021-02-16#meltiin_-"
"35","BERNASTORRES",1,10,0.8,0.443904537692359,0.974789273673167,24,"Mill","1","https://magic.wizards.com/en/articles/archive/mtgo-standings/modern-challenge-2021-03-01#bernastorres_nd_place"
"36","ZYURYO",1,9,0.888888888888889,0.517503485082663,0.997190863253401,24,"Azorius Control","1","https://magic.wizards.com/en/articles/archive/mtgo-standings/modern-challenge-2021-03-01#zyuryo_rd_place"
"37","hcook725",2,11,0.727272727272727,0.390257440427579,0.939782265827093,24,"Shadow Prowess","2","https://magic.wizards.com/en/articles/archive/mtgo-standings/modern-challenge-2021-03-01#hcook_th_place; https://magic.wizards.com/en/articles/archive/mtgo-standings/modern-preliminary-2021-02-25#hcook_-"
"38","Karatedom",1,9,0.888888888888889,0.517503485082663,0.997190863253401,24,"Izzet Prowess","1",""
"39","spiderspace",1,9,0.888888888888889,0.517503485082663,0.997190863253401,24,"Mono White Taxes","1",""
"40","powery",1,9,0.888888888888889,0.517503485082663,0.997190863253401,24,"Heliod Combo","1",""
"41","Phill_Hellmuth",1,9,0.888888888888889,0.517503485082663,0.997190863253401,24,"Shadow Prowess","1",""
"42","SickWorld",1,10,0.7,0.347547149940003,0.933260488822266,21,"Obosh Aggro","1","https://magic.wizards.com/en/articles/archive/mtgo-standings/modern-challenge-2021-02-21#sickworld_th_place"
"43","AstralPlane",1,9,0.777777777777778,0.399906426283688,0.971855026522102,21,"Izzet Prowess","1","https://magic.wizards.com/en/articles/archive/mtgo-standings/modern-challenge-2021-02-21#astralplane_th_place"
"44","mchlpp",1,9,0.777777777777778,0.399906426283688,0.971855026522102,21,"Shadow Prowess","1","https://magic.wizards.com/en/articles/archive/mtgo-standings/modern-challenge-2021-02-22#mchlpp_rd_place"
"45","kolbej",1,8,0.875,0.473490329124793,0.996840276468748,21,"Titan Shift","1","https://magic.wizards.com/en/articles/archive/mtgo-standings/modern-challenge-2021-02-22#kolbej_th_place"
"46","Giaws",1,9,0.777777777777778,0.399906426283688,0.971855026522102,21,"Izzet Prowess","1","https://magic.wizards.com/en/articles/archive/mtgo-standings/modern-challenge-2021-02-28#giaws_th_place"
"47","Shadowz2005",2,8,0.875,0.473490329124793,0.996840276468748,21,"Stoneblade; Heliod Combo","1; 1","https://magic.wizards.com/en/articles/archive/mtgo-standings/modern-preliminary-2021-02-18#shadowz_-; https://magic.wizards.com/en/articles/archive/mtgo-standings/modern-preliminary-2021-02-26#shadowz_-"
"48","pokerswizard",2,8,0.875,0.473490329124793,0.996840276468748,21,"Shadow Prowess","2","https://magic.wizards.com/en/articles/archive/mtgo-standings/modern-preliminary-2021-02-25#pokerswizard_-; https://magic.wizards.com/en/articles/archive/mtgo-standings/modern-preliminary-2021-02-26#pokerswizard_-"
"49","Promidnightz",1,9,0.777777777777778,0.399906426283688,0.971855026522102,21,"WURG Midrange","1",""
"50","Elfkid",1,9,0.777777777777778,0.399906426283688,0.971855026522102,21,"Mill","1",""
"51","CitrusD",1,9,0.777777777777778,0.399906426283688,0.971855026522102,21,"Yawgmoth","1",""
"52","coert",1,9,0.777777777777778,0.399906426283688,0.971855026522102,21,"Heliod Combo","1",""
"53","schnda",1,9,0.777777777777778,0.399906426283688,0.971855026522102,21,"Azorius Control","1",""
"54","noesmitipo",1,9,0.777777777777778,0.399906426283688,0.971855026522102,21,"Green Tron","1",""
"55","darius89",1,9,0.777777777777778,0.399906426283688,0.971855026522102,21,"Gruul Midrange","1",""
"56","mrichi",1,9,0.777777777777778,0.399906426283688,0.971855026522102,21,"Azorius Control","1",""
"57","CordoTwin",1,9,0.777777777777778,0.399906426283688,0.971855026522102,21,"Shadow Prowess","1",""
"58","FreedMania",1,9,0.777777777777778,0.399906426283688,0.971855026522102,21,"Amulet Titan","1",""
"59","Game_Night",1,9,0.777777777777778,0.399906426283688,0.971855026522102,21,"Heliod Combo","1",""
"60","Jiobimbo",1,9,0.777777777777778,0.399906426283688,0.971855026522102,21,"Azorius Taxes","1",""
"61","Meumeunome",1,9,0.777777777777778,0.399906426283688,0.971855026522102,21,"Heliod Combo","1",""
"62","golphinus",1,8,0.75,0.349144205587176,0.968145973750056,18,"Izzet Prowess","1","https://magic.wizards.com/en/articles/archive/mtgo-standings/modern-challenge-2021-02-21#golphinus_th_place"
"63","benchsummer",1,8,0.75,0.349144205587176,0.968145973750056,18,"UBRG Shadow","1","https://magic.wizards.com/en/articles/archive/mtgo-standings/modern-challenge-2021-02-21#benchsummer_th_place"
"64","Usama96",1,8,0.75,0.349144205587176,0.968145973750056,18,"Dredge","1","https://magic.wizards.com/en/articles/archive/mtgo-standings/modern-challenge-2021-02-21#usama_th_place"
"65","Lord_of_Puntlantis",1,8,0.75,0.349144205587176,0.968145973750056,18,"Yawgmoth","1","https://magic.wizards.com/en/articles/archive/mtgo-standings/modern-challenge-2021-02-21#lord_of_puntlantis_th_place"
"66","joetru",1,8,0.75,0.349144205587176,0.968145973750056,18,"Oops All Spells","1","https://magic.wizards.com/en/articles/archive/mtgo-standings/modern-challenge-2021-02-21#joetru_th_place"
"67","HouseOfManaMTG",1,8,0.75,0.349144205587176,0.968145973750056,18,"Dredge","1","https://magic.wizards.com/en/articles/archive/mtgo-standings/modern-challenge-2021-02-21#houseofmanamtg_th_place"
"68","LORiWWA",1,8,0.75,0.349144205587176,0.968145973750056,18,"Eldrazi Tron","1","https://magic.wizards.com/en/articles/archive/mtgo-standings/modern-challenge-2021-02-21#loriwwa_th_place"
"69","MentalMisstep",1,8,0.75,0.349144205587176,0.968145973750056,18,"Hammer Time","1","https://magic.wizards.com/en/articles/archive/mtgo-standings/modern-challenge-2021-02-21#mentalmisstep_th_place"
"70","gazmon48",1,8,0.75,0.349144205587176,0.968145973750056,18,"Gruul Midrange","1","https://magic.wizards.com/en/articles/archive/mtgo-standings/modern-challenge-2021-02-21#gazmon_th_place"
"71","Stompy45",1,8,0.75,0.349144205587176,0.968145973750056,18,"Heliod Combo","1","https://magic.wizards.com/en/articles/archive/mtgo-standings/modern-challenge-2021-02-21#stompy_th_place"
"72","bamzing",1,8,0.75,0.349144205587176,0.968145973750056,18,"BTL Scapeshift","1","https://magic.wizards.com/en/articles/archive/mtgo-standings/modern-challenge-2021-02-21#bamzing_st_place"
"73","Genxim",1,8,0.75,0.349144205587176,0.968145973750056,18,"Green Tron","1","https://magic.wizards.com/en/articles/archive/mtgo-standings/modern-challenge-2021-02-21#genxim_nd_place"
"74","adebevoise",1,8,0.75,0.349144205587176,0.968145973750056,18,"Humans","1","https://magic.wizards.com/en/articles/archive/mtgo-standings/modern-challenge-2021-02-21#adebevoise_rd_place"
"75","unagieel",1,9,0.666666666666667,0.29929505620854,0.925145368580308,18,"Izzet Prowess","1","https://magic.wizards.com/en/articles/archive/mtgo-standings/modern-challenge-2021-02-22#unagieel_th_place"
"76","Xerk",1,8,0.75,0.349144205587176,0.968145973750056,18,"Dredge","1","https://magic.wizards.com/en/articles/archive/mtgo-standings/modern-challenge-2021-02-22#xerk_th_place"
"77","Benkill",1,8,0.75,0.349144205587176,0.968145973750056,18,"Spirits","1","https://magic.wizards.com/en/articles/archive/mtgo-standings/modern-challenge-2021-02-22#benkill_th_place"
"78","Pmizz",1,9,0.666666666666667,0.29929505620854,0.925145368580308,18,"Hammer Time","1","https://magic.wizards.com/en/articles/archive/mtgo-standings/modern-challenge-2021-02-28#pmizz_th_place"
"79","daibloXSC",1,8,0.75,0.349144205587176,0.968145973750056,18,"Grixis Shadow","1","https://magic.wizards.com/en/articles/archive/mtgo-standings/modern-challenge-2021-02-28#daibloxsc_th_place"
"80","fengshai",1,8,0.75,0.349144205587176,0.968145973750056,18,"Selesnya Midrange","1","https://magic.wizards.com/en/articles/archive/mtgo-standings/modern-challenge-2021-02-28#fengshai_th_place"
"81","aspiringspike",1,8,0.75,0.349144205587176,0.968145973750056,18,"Stoneblade","1","https://magic.wizards.com/en/articles/archive/mtgo-standings/modern-challenge-2021-02-28#aspiringspike_th_place"
"82","RagingTiltMonster",1,8,0.75,0.349144205587176,0.968145973750056,18,"Orzhov Midrange","1","https://magic.wizards.com/en/articles/archive/mtgo-standings/modern-challenge-2021-02-28#ragingtiltmonster_th_place"
"83","StormQrow",1,8,0.75,0.349144205587176,0.968145973750056,18,"Land Destruction","1","https://magic.wizards.com/en/articles/archive/mtgo-standings/modern-challenge-2021-02-28#stormqrow_th_place"
"84","MarioBBrega",1,8,0.75,0.349144205587176,0.968145973750056,18,"Shadow Prowess","1","https://magic.wizards.com/en/articles/archive/mtgo-standings/modern-challenge-2021-02-28#mariobbrega_th_place"
"85","chequeredmox",1,8,0.75,0.349144205587176,0.968145973750056,18,"Mill","1","https://magic.wizards.com/en/articles/archive/mtgo-standings/modern-challenge-2021-02-28#chequeredmox_th_place"
"86","Saviall",1,8,0.75,0.349144205587176,0.968145973750056,18,"Green Tron","1","https://magic.wizards.com/en/articles/archive/mtgo-standings/modern-challenge-2021-02-28#saviall_th_place"
"87","Termahgerf",1,8,0.75,0.349144205587176,0.968145973750056,18,"Azorius Control","1","https://magic.wizards.com/en/articles/archive/mtgo-standings/modern-challenge-2021-02-28#termahgerf_th_place"
"88","Cat_Lear",1,8,0.75,0.349144205587176,0.968145973750056,18,"Boros Blink","1","https://magic.wizards.com/en/articles/archive/mtgo-standings/modern-challenge-2021-02-28#cat_lear_th_place"
"89","Morgento",1,8,0.75,0.349144205587176,0.968145973750056,18,"Izzet Prowess","1","https://magic.wizards.com/en/articles/archive/mtgo-standings/modern-challenge-2021-03-01#morgento_th_place"
"90","ACG88",2,8,0.75,0.349144205587176,0.968145973750056,18,"Green Tron","2","https://magic.wizards.com/en/articles/archive/mtgo-standings/modern-preliminary-2021-02-23#acg_-; https://magic.wizards.com/en/articles/archive/mtgo-standings/modern-preliminary-2021-02-24#acg_-"
"91","Gerschi",2,8,0.75,0.349144205587176,0.968145973750056,18,"Jeskai Control; Blue Scapeshift","1; 1","https://magic.wizards.com/en/articles/archive/mtgo-standings/modern-preliminary-2021-02-23#gerschi_-; https://magic.wizards.com/en/articles/archive/mtgo-standings/modern-preliminary-2021-02-27#gerschi_-"
"92","Eggy216",1,9,0.666666666666667,0.29929505620854,0.925145368580308,18,"Goblins","1",""
"93","NMT_Sco94",1,9,0.666666666666667,0.29929505620854,0.925145368580308,18,"Dredge","1",""
"94","abisbocci",1,9,0.666666666666667,0.29929505620854,0.925145368580308,18,"WURG Midrange","1",""
"95","mastahoova",1,9,0.666666666666667,0.29929505620854,0.925145368580308,18,"Heliod Combo","1",""
"96","nerdkneereape",1,9,0.666666666666667,0.29929505620854,0.925145368580308,18,"Living End","1",""
"97","VilaCelta",1,9,0.666666666666667,0.29929505620854,0.925145368580308,18,"Azorius Control","1",""
"98","Bgoose321",1,9,0.666666666666667,0.29929505620854,0.925145368580308,18,"Shadow Prowess","1",""
"99","SamuelGraebner",1,9,0.666666666666667,0.29929505620854,0.925145368580308,18,"Stoneblade","1",""
"100","Siulshadow",1,9,0.666666666666667,0.29929505620854,0.925145368580308,18,"Heliod Combo","1",""
"101","WhiTe TsaR",1,9,0.666666666666667,0.29929505620854,0.925145368580308,18,"Heliod Combo","1",""
"102","nikolajandmango",1,9,0.666666666666667,0.29929505620854,0.925145368580308,18,"Amulet Titan","1",""
"103","Drew Christensen",1,7,0.857142857142857,0.421276802956805,0.996389703138099,18,"Burn","1","https://www.mtggoldfish.com/deck/3783517"
"104","mdvayu2",1,8,0.625,0.244863216366552,0.914766585862746,15,"Burn","1","https://magic.wizards.com/en/articles/archive/mtgo-standings/modern-challenge-2021-02-21#mdvayu_th_place"
"105","LuisMJ",1,8,0.625,0.244863216366552,0.914766585862746,15,"Humans","1","https://magic.wizards.com/en/articles/archive/mtgo-standings/modern-challenge-2021-02-21#luismj_th_place"
"106","10thDegree",1,8,0.625,0.244863216366552,0.914766585862746,15,"Hollow One","1","https://magic.wizards.com/en/articles/archive/mtgo-standings/modern-challenge-2021-02-21#thdegree_th_place"
"107","haubidtran",1,8,0.625,0.244863216366552,0.914766585862746,15,"Gifts Storm","1","https://magic.wizards.com/en/articles/archive/mtgo-standings/modern-challenge-2021-02-21#haubidtran_th_place"
"108","Talisker",1,8,0.625,0.244863216366552,0.914766585862746,15,"Izzet Prowess","1","https://magic.wizards.com/en/articles/archive/mtgo-standings/modern-challenge-2021-02-21#talisker_th_place"
"109","Parrotlet",1,8,0.625,0.244863216366552,0.914766585862746,15,"Gruul Midrange","1","https://magic.wizards.com/en/articles/archive/mtgo-standings/modern-challenge-2021-02-21#parrotlet_st_place"
"110","Magic_Dan",1,7,0.714285714285714,0.290420863737343,0.963307433823914,15,"Shadow Prowess","1","https://magic.wizards.com/en/articles/archive/mtgo-standings/modern-challenge-2021-02-22#magic_dan_th_place"
"111","IntegralHDK",1,7,0.714285714285714,0.290420863737343,0.963307433823914,15,"Jund Midrange","1","https://magic.wizards.com/en/articles/archive/mtgo-standings/modern-challenge-2021-02-22#integralhdk_th_place"
"112","Polikasoll",1,7,0.714285714285714,0.290420863737343,0.963307433823914,15,"Izzet Prowess","1","https://magic.wizards.com/en/articles/archive/mtgo-standings/modern-challenge-2021-02-22#polikasoll_th_place"
"113","Sanchez5272",1,7,0.714285714285714,0.290420863737343,0.963307433823914,15,"Green Tron","1","https://magic.wizards.com/en/articles/archive/mtgo-standings/modern-challenge-2021-02-22#sanchez_th_place"
"114","slamanscott1228",1,7,0.714285714285714,0.290420863737343,0.963307433823914,15,"Stoneblade","1","https://magic.wizards.com/en/articles/archive/mtgo-standings/modern-challenge-2021-02-22#slamanscott_th_place"
"115","zecarlonxo",1,7,0.714285714285714,0.290420863737343,0.963307433823914,15,"Izzet Prowess","1","https://magic.wizards.com/en/articles/archive/mtgo-standings/modern-challenge-2021-02-22#zecarlonxo_th_place"
"116","kthanakit26",1,7,0.714285714285714,0.290420863737343,0.963307433823914,15,"Izzet Prowess","1","https://magic.wizards.com/en/articles/archive/mtgo-standings/modern-challenge-2021-02-22#kthanakit_st_place"
"117","yuseimax",1,7,0.714285714285714,0.290420863737343,0.963307433823914,15,"Soulflayer","1","https://magic.wizards.com/en/articles/archive/mtgo-standings/modern-challenge-2021-02-22#yuseimax_nd_place"
"118","Ryan100495",1,8,0.625,0.244863216366552,0.914766585862746,15,"Dredge","1","https://magic.wizards.com/en/articles/archive/mtgo-standings/modern-challenge-2021-02-28#ryan_th_place"
"119","Never_DidntHaveIt",1,8,0.625,0.244863216366552,0.914766585862746,15,"Shadow Prowess","1","https://magic.wizards.com/en/articles/archive/mtgo-standings/modern-challenge-2021-02-28#never_didnthaveit_nd_place"
"120","DodecaHedron",1,8,0.625,0.244863216366552,0.914766585862746,15,"Mill","1","https://magic.wizards.com/en/articles/archive/mtgo-standings/modern-challenge-2021-02-28#dodecahedron_rd_place"
"121","CrusherBotBG",1,8,0.625,0.244863216366552,0.914766585862746,15,"Hammer Time","1","https://magic.wizards.com/en/articles/archive/mtgo-standings/modern-challenge-2021-02-28#crusherbotbg_th_place"
"122","Supersienix",1,8,0.625,0.244863216366552,0.914766585862746,15,"Azorius Control","1","https://magic.wizards.com/en/articles/archive/mtgo-standings/modern-challenge-2021-02-28#supersienix_th_place"
"123","ice_nine_",1,8,0.625,0.244863216366552,0.914766585862746,15,"Land Destruction","1","https://magic.wizards.com/en/articles/archive/mtgo-standings/modern-challenge-2021-02-28#ice_nine__th_place"
"124","RandomOctopus",1,8,0.625,0.244863216366552,0.914766585862746,15,"Pyro Ascension","1","https://magic.wizards.com/en/articles/archive/mtgo-standings/modern-challenge-2021-02-28#randomoctopus_th_place"
"125","haruhilmi24",1,8,0.625,0.244863216366552,0.914766585862746,15,"Eldrazi Tron","1","https://magic.wizards.com/en/articles/archive/mtgo-standings/modern-challenge-2021-02-28#haruhilmi_th_place"
"126","Do0mSwitch",1,8,0.625,0.244863216366552,0.914766585862746,15,"WURG Control","1","https://magic.wizards.com/en/articles/archive/mtgo-standings/modern-challenge-2021-02-28#domswitch_nd_place"
"127","sinforlife54",1,8,0.625,0.244863216366552,0.914766585862746,15,"Mono White Taxes","1","https://magic.wizards.com/en/articles/archive/mtgo-standings/modern-challenge-2021-03-01#sinforlife_th_place"
"128","weishengzhishabi",1,7,0.714285714285714,0.290420863737343,0.963307433823914,15,"Green Tron","1","https://magic.wizards.com/en/articles/archive/mtgo-standings/modern-challenge-2021-03-01#weishengzhishabi_th_place"
"129","asnook",1,7,0.714285714285714,0.290420863737343,0.963307433823914,15,"Jund Midrange","1","https://magic.wizards.com/en/articles/archive/mtgo-standings/modern-challenge-2021-03-01#asnook_th_place"
"130","joker10289",1,7,0.714285714285714,0.290420863737343,0.963307433823914,15,"Mill","1","https://magic.wizards.com/en/articles/archive/mtgo-standings/modern-challenge-2021-03-01#joker_th_place"
"131","KarmageTSH",1,7,0.714285714285714,0.290420863737343,0.963307433823914,15,"Green Tron","1","https://magic.wizards.com/en/articles/archive/mtgo-standings/modern-challenge-2021-03-01#karmagetsh_th_place"
"132","trader08111",1,7,0.714285714285714,0.290420863737343,0.963307433823914,15,"Eldrazi Tron","1","https://magic.wizards.com/en/articles/archive/mtgo-standings/modern-challenge-2021-03-01#trader_th_place"
"133","Tweedel",1,7,0.714285714285714,0.290420863737343,0.963307433823914,15,"Obosh Aggro","1","https://magic.wizards.com/en/articles/archive/mtgo-standings/modern-challenge-2021-03-01#tweedel_st_place"
"134","2jjm",1,7,0.714285714285714,0.290420863737343,0.963307433823914,15,"Burn","1","https://magic.wizards.com/en/articles/archive/mtgo-standings/modern-challenge-2021-03-01#jjm_rd_place"
"135","An_Actual_Potato",1,7,0.714285714285714,0.290420863737343,0.963307433823914,15,"Amulet Titan","1","https://magic.wizards.com/en/articles/archive/mtgo-standings/modern-challenge-2021-03-01#an_actual_potato_th_place"
"136","Sean Ryder",1,7,0.714285714285714,0.290420863737343,0.963307433823914,15,"Green Tron","1","https://www.mtggoldfish.com/deck/3783524"
"137","Zar0s",1,7,0.714285714285714,0.290420863737343,0.963307433823914,15,"Azorius Control","1","https://www.mtggoldfish.com/deck/3783521"
"138","Jamie Robertson",1,7,0.714285714285714,0.290420863737343,0.963307433823914,15,"Humans","1","https://www.mtggoldfish.com/deck/3783520"
"139","Adam Wallace",1,7,0.714285714285714,0.290420863737343,0.963307433823914,15,"Naya Midrange","1","https://www.mtggoldfish.com/deck/3783525"
"140","David Goldfarb",1,7,0.714285714285714,0.290420863737343,0.963307433823914,15,"Mardu Midrange","1","https://www.mtggoldfish.com/deck/3783523"
"141","Justice Wright",1,7,0.714285714285714,0.290420863737343,0.963307433823914,15,"Heliod Combo","1","https://www.mtggoldfish.com/deck/3783522"
"142","Samuel Graebner",1,7,0.714285714285714,0.290420863737343,0.963307433823914,15,"Stoneblade","1","https://www.mtggoldfish.com/deck/3783526"
"143","Steve Locke",1,7,0.714285714285714,0.290420863737343,0.963307433823914,15,"Humans","1","https://www.mtggoldfish.com/deck/3783527"
"144","Carolyn Kavanagh",1,7,0.714285714285714,0.290420863737343,0.963307433823914,15,"Burn","1","https://www.mtggoldfish.com/deck/3783528"
"145","Brett Kroeger",1,7,0.714285714285714,0.290420863737343,0.963307433823914,15,"Dredge","1","https://www.mtggoldfish.com/deck/3783529"
"146","Christian Keffer",1,7,0.714285714285714,0.290420863737343,0.963307433823914,15,"Naya Midrange","1","https://www.mtggoldfish.com/deck/3783530"
"147","Kyle Shane",1,7,0.714285714285714,0.290420863737343,0.963307433823914,15,"Azorius Control","1","https://www.mtggoldfish.com/deck/3783531"
"148","Billy Mitchell",1,7,0.714285714285714,0.290420863737343,0.963307433823914,15,"Mono Red Prowess","1","https://www.mtggoldfish.com/deck/3783532"
"149","Matt Dunkin",1,7,0.714285714285714,0.290420863737343,0.963307433823914,15,"Green Tron","1","https://www.mtggoldfish.com/deck/3783533"
"150","NAKISHIMA",1,7,0.571428571428571,0.184051567640083,0.901011721557492,12,"Oops All Spells","1","https://magic.wizards.com/en/articles/archive/mtgo-standings/modern-challenge-2021-02-22#nakishima_rd_place"
"151","SvenSveeterSven",1,7,0.571428571428571,0.184051567640083,0.901011721557492,12,"Mardu Midrange","1","https://magic.wizards.com/en/articles/archive/mtgo-standings/modern-challenge-2021-02-22#svensveetersven_th_place"
"152","staffmat1992",1,7,0.571428571428571,0.184051567640083,0.901011721557492,12,"Burn","1","https://magic.wizards.com/en/articles/archive/mtgo-standings/modern-challenge-2021-02-22#staffmat_th_place"
"153","Lord_Beerus",1,7,0.571428571428571,0.184051567640083,0.901011721557492,12,"Burn","1","https://magic.wizards.com/en/articles/archive/mtgo-standings/modern-challenge-2021-02-22#lord_beerus_th_place"
"154","Fayrawks",1,7,0.571428571428571,0.184051567640083,0.901011721557492,12,"Gruul Midrange","1","https://magic.wizards.com/en/articles/archive/mtgo-standings/modern-challenge-2021-02-22#fayrawks_th_place"
"155","Sunbird17",1,7,0.571428571428571,0.184051567640083,0.901011721557492,12,"Gifts Storm","1","https://magic.wizards.com/en/articles/archive/mtgo-standings/modern-challenge-2021-02-22#sunbird_th_place"
"156","andrw1232",1,7,0.571428571428571,0.184051567640083,0.901011721557492,12,"Azorius Control","1","https://magic.wizards.com/en/articles/archive/mtgo-standings/modern-challenge-2021-03-01#andrw_th_place"
"157","superlisali",1,7,0.571428571428571,0.184051567640083,0.901011721557492,12,"Grixis Shadow","1","https://magic.wizards.com/en/articles/archive/mtgo-standings/modern-challenge-2021-03-01#superlisali_th_place"
"158","albert62",1,7,0.571428571428571,0.184051567640083,0.901011721557492,12,"WURG Control","1","https://magic.wizards.com/en/articles/archive/mtgo-standings/modern-challenge-2021-03-01#albert_th_place"
"159","TSPJendrek",1,7,0.571428571428571,0.184051567640083,0.901011721557492,12,"Esper Control","1","https://magic.wizards.com/en/articles/archive/mtgo-standings/modern-challenge-2021-03-01#tspjendrek_th_place"
"160","Trisky",1,7,0.571428571428571,0.184051567640083,0.901011721557492,12,"Infect","1","https://magic.wizards.com/en/articles/archive/mtgo-standings/modern-challenge-2021-03-01#trisky_th_place"
"161","Draccon136",1,7,0.571428571428571,0.184051567640083,0.901011721557492,12,"Hammer Time","1","https://magic.wizards.com/en/articles/archive/mtgo-standings/modern-challenge-2021-03-01#draccon_st_place"
"162","Lavaridge",1,4,1,0.397635364383525,1,12,"5 Color Turbo Tibalt","1","https://magic.wizards.com/en/articles/archive/mtgo-standings/modern-preliminary-2021-02-16#lavaridge_-"
"163","Patxi",1,4,1,0.397635364383525,1,12,"Bogles","1","https://magic.wizards.com/en/articles/archive/mtgo-standings/modern-preliminary-2021-02-17#patxi_-"
"164","abombdiggity",1,4,1,0.397635364383525,1,12,"Gruul Midrange","1","https://magic.wizards.com/en/articles/archive/mtgo-standings/modern-preliminary-2021-02-18#abombdiggity_-"
"165","McWinSauce",1,4,1,0.397635364383525,1,12,"WURG Control","1","https://magic.wizards.com/en/articles/archive/mtgo-standings/modern-preliminary-2021-02-20#mcwinsauce_-"
"166","122pablo",1,4,1,0.397635364383525,1,12,"Ascendancy Combo","1","https://magic.wizards.com/en/articles/archive/mtgo-standings/modern-preliminary-2021-02-23#pablo_-"
"167","DreamsOfAshiok",1,4,1,0.397635364383525,1,12,"Eldrazi Tron","1","https://magic.wizards.com/en/articles/archive/mtgo-standings/modern-preliminary-2021-02-25#dreamsofashiok_-"
"168","Adam Wasburn-Moses",1,7,0.571428571428571,0.184051567640083,0.901011721557492,12,"Amulet Titan","1","https://www.mtggoldfish.com/deck/3783534"
"169","LakadMatataaag",1,7,0.571428571428571,0.184051567640083,0.901011721557492,12,"Grixis Shadow","1","https://www.mtggoldfish.com/deck/3783535"
"170","Wendell Dresser",1,7,0.571428571428571,0.184051567640083,0.901011721557492,12,"Mono White Taxes","1","https://www.mtggoldfish.com/deck/3783537"
"171","Ryan Marvin",1,7,0.571428571428571,0.184051567640083,0.901011721557492,12,"Burn","1","https://www.mtggoldfish.com/deck/3783538"
"172","Craig Campbell",1,7,0.571428571428571,0.184051567640083,0.901011721557492,12,"Green Tron","1","https://www.mtggoldfish.com/deck/3783539"
"173","Alfie Dix",1,7,0.571428571428571,0.184051567640083,0.901011721557492,12,"Dredge","1","https://www.mtggoldfish.com/deck/3783540"
"174","Francisco Sanchez",1,7,0.571428571428571,0.184051567640083,0.901011721557492,12,"Green Tron","1","https://www.mtggoldfish.com/deck/3783541"
"175","Jansen Savidge",1,7,0.571428571428571,0.184051567640083,0.901011721557492,12,"Izzet Prowess","1","https://www.mtggoldfish.com/deck/3783542"
"176","Chris Walls",1,7,0.571428571428571,0.184051567640083,0.901011721557492,12,"Gifts Storm","1","https://www.mtggoldfish.com/deck/3783543"
"177","Jacob Saracino",1,7,0.571428571428571,0.184051567640083,0.901011721557492,12,"Izzet Prowess","1","https://www.mtggoldfish.com/deck/3783544"
"178","Itchyone",1,4,0.75,0.194120449683243,0.99369053679029,9,"Ad Nauseam","1","https://magic.wizards.com/en/articles/archive/mtgo-standings/modern-preliminary-2021-02-16#itchyone_-"
"179","kmacy90",1,4,0.75,0.194120449683243,0.99369053679029,9,"Mill","1","https://magic.wizards.com/en/articles/archive/mtgo-standings/modern-preliminary-2021-02-17#kmacy_-"
"180","Matti",1,4,0.75,0.194120449683243,0.99369053679029,9,"Dredge","1","https://magic.wizards.com/en/articles/archive/mtgo-standings/modern-preliminary-2021-02-17#matti_-"
"181","justinlieberman",1,4,0.75,0.194120449683243,0.99369053679029,9,"Izzet Prowess","1","https://magic.wizards.com/en/articles/archive/mtgo-standings/modern-preliminary-2021-02-18#justinlieberman_-"
"182","bcs8995",1,4,0.75,0.194120449683243,0.99369053679029,9,"Titan Shift","1","https://magic.wizards.com/en/articles/archive/mtgo-standings/modern-preliminary-2021-02-18#bcs_-"
"183","Boland",1,4,0.75,0.194120449683243,0.99369053679029,9,"Grixis Shadow","1","https://magic.wizards.com/en/articles/archive/mtgo-standings/modern-preliminary-2021-02-18#boland_-"
"184","AlabasterWolfie",1,4,0.75,0.194120449683243,0.99369053679029,9,"Goblins","1","https://magic.wizards.com/en/articles/archive/mtgo-standings/modern-preliminary-2021-02-18#alabasterwolfie_-"
"185","_Stream",1,4,0.75,0.194120449683243,0.99369053679029,9,"Izzet Prowess","1","https://magic.wizards.com/en/articles/archive/mtgo-standings/modern-preliminary-2021-02-19#_stream_-"
"186","NorrathDecay",1,4,0.75,0.194120449683243,0.99369053679029,9,"Green Tron","1","https://magic.wizards.com/en/articles/archive/mtgo-standings/modern-preliminary-2021-02-19#norrathdecay_-"
"187","wooop_orc",1,4,0.75,0.194120449683243,0.99369053679029,9,"Stoneblade","1","https://magic.wizards.com/en/articles/archive/mtgo-standings/modern-preliminary-2021-02-23#wooop_orc_-"
"188","Lukas261997",1,4,0.75,0.194120449683243,0.99369053679029,9,"Shadow Prowess","1","https://magic.wizards.com/en/articles/archive/mtgo-standings/modern-preliminary-2021-02-23#lukas_-"
"189","azatoyellow",1,4,0.75,0.194120449683243,0.99369053679029,9,"Azorius Control","1","https://magic.wizards.com/en/articles/archive/mtgo-standings/modern-preliminary-2021-02-23#azatoyellow_-"
"190","aarongulevich",1,4,0.75,0.194120449683243,0.99369053679029,9,"Green Tron","1","https://magic.wizards.com/en/articles/archive/mtgo-standings/modern-preliminary-2021-02-23#aarongulevich_-"
"191","Oderus Urungus",1,4,0.75,0.194120449683243,0.99369053679029,9,"Green Tron","1","https://magic.wizards.com/en/articles/archive/mtgo-standings/modern-preliminary-2021-02-23#oderus_urungus_-"
"192","Granham",1,4,0.75,0.194120449683243,0.99369053679029,9,"Bogles","1","https://magic.wizards.com/en/articles/archive/mtgo-standings/modern-preliminary-2021-02-23#granham_-"
"193","Rhianne",1,4,0.75,0.194120449683243,0.99369053679029,9,"Dredge","1","https://magic.wizards.com/en/articles/archive/mtgo-standings/modern-preliminary-2021-02-24#rhianne_-"
"194","Folero",1,4,0.75,0.194120449683243,0.99369053679029,9,"Pyro Ascension","1","https://magic.wizards.com/en/articles/archive/mtgo-standings/modern-preliminary-2021-02-24#folero_-"
"195","Diem4x",1,4,0.75,0.194120449683243,0.99369053679029,9,"Azorius Control","1","https://magic.wizards.com/en/articles/archive/mtgo-standings/modern-preliminary-2021-02-24#diemx_-"
"196","yashimoro",1,4,0.75,0.194120449683243,0.99369053679029,9,"Azorius Control","1","https://magic.wizards.com/en/articles/archive/mtgo-standings/modern-preliminary-2021-02-24#yashimoro_-"
"197","Samwise_GeeGee",1,4,0.75,0.194120449683243,0.99369053679029,9,"WURG Midrange","1","https://magic.wizards.com/en/articles/archive/mtgo-standings/modern-preliminary-2021-02-25#samwise_geegee_-"
"198","Chufal",1,4,0.75,0.194120449683243,0.99369053679029,9,"Burn","1","https://magic.wizards.com/en/articles/archive/mtgo-standings/modern-preliminary-2021-02-25#chufal_-"
"199","mlex",1,4,0.75,0.194120449683243,0.99369053679029,9,"Dredge","1","https://magic.wizards.com/en/articles/archive/mtgo-standings/modern-preliminary-2021-02-25#mlex_-"
"200","Mcleskey",1,4,0.75,0.194120449683243,0.99369053679029,9,"Bogles","1","https://magic.wizards.com/en/articles/archive/mtgo-standings/modern-preliminary-2021-02-26#mcleskey_-"
"201","Chrislampa",1,4,0.75,0.194120449683243,0.99369053679029,9,"Heliod Combo","1","https://magic.wizards.com/en/articles/archive/mtgo-standings/modern-preliminary-2021-02-26#chrislampa_-"
"202","KingZiggy",1,4,0.75,0.194120449683243,0.99369053679029,9,"Green Tron","1","https://magic.wizards.com/en/articles/archive/mtgo-standings/modern-preliminary-2021-02-26#kingziggy_-"
"203","yamakiller",1,4,0.75,0.194120449683243,0.99369053679029,9,"Heliod Combo","1","https://magic.wizards.com/en/articles/archive/mtgo-standings/modern-preliminary-2021-02-26#yamakiller_-"
"204","IslandGoSAMe",1,4,0.75,0.194120449683243,0.99369053679029,9,"Izzet Prowess","1","https://magic.wizards.com/en/articles/archive/mtgo-standings/modern-preliminary-2021-02-26#islandgosame_-"
"205","Binolino",1,4,0.75,0.194120449683243,0.99369053679029,9,"Green Tron","1","https://magic.wizards.com/en/articles/archive/mtgo-standings/modern-preliminary-2021-02-27#binolino_-"
"206","_Shatun_",1,4,0.75,0.194120449683243,0.99369053679029,9,"Obosh Aggro","1","https://magic.wizards.com/en/articles/archive/mtgo-standings/modern-preliminary-2021-02-27#_shatun__-"
"207","_Falcon_",1,4,0.75,0.194120449683243,0.99369053679029,9,"Dredge","1","https://magic.wizards.com/en/articles/archive/mtgo-standings/modern-preliminary-2021-02-27#_falcon__-"
"208","Ryan Carpenter",1,7,0.428571428571429,0.0989882784425079,0.815948432359917,9,"Infect","1","https://www.mtggoldfish.com/deck/3783550"
"209","Hazel Gordon",1,7,0.428571428571429,0.0989882784425079,0.815948432359917,9,"Izzet Prowess","1","https://www.mtggoldfish.com/deck/3783555"
"210","Lawrence Doria",1,7,0.428571428571429,0.0989882784425079,0.815948432359917,9,"Rakdos Midrange","1","https://www.mtggoldfish.com/deck/3783556"
"211","Ryan Hayes",1,7,0.428571428571429,0.0989882784425079,0.815948432359917,9,"Titan Shift","1","https://www.mtggoldfish.com/deck/3783557"
"212","Cam Koenig",1,7,0.428571428571429,0.0989882784425079,0.815948432359917,9,"Izzet Prowess","1","https://www.mtggoldfish.com/deck/3783558"
"213","Brandon Lunt",1,7,0.285714285714286,0.0366925661760856,0.709579136262657,6,"Izzet Prowess","1","https://www.mtggoldfish.com/deck/3783564"
