"","CardNames","CardCount","DeckCount","WinCount","MatchCount","WinrateAverage","Winrate95Min","Winrate95Max","Archetypes","URL","Artists","Colors","CMC","Types","FirstSet","CardCountOutTotalCards","DeckCountOutTotalDecks","AverageCopies"
"1","Abrade",26,14,55,87,63.2,52.2,73.3," 1 Grixis Murktide 
 8 Izzet Delver 
 1 Izzet Painter 
 4 Sneak  &  Show 
"," https://magic.wizards.com/en/articles/archive/mtgo-standings/legacy-challenge-2021-09-27#kentaro_hokori_nd_place 
 https://magic.wizards.com/en/articles/archive/mtgo-standings/legacy-challenge-2021-09-27#ht_th_place 
 https://magic.wizards.com/en/articles/archive/mtgo-standings/legacy-challenge-2021-09-27#momsbasementstreams_th_place 
 https://magic.wizards.com/en/articles/archive/mtgo-standings/legacy-challenge-2021-09-27#musasabi_th_place 
 https://magic.wizards.com/en/articles/archive/mtgo-standings/legacy-challenge-2021-09-27#billsive_nd_place 
 https://magic.wizards.com/en/articles/archive/mtgo-standings/legacy-challenge-2021-10-04#kiyoaggro_th_place 
 https://magic.wizards.com/en/articles/archive/mtgo-standings/legacy-challenge-2021-10-04#dunkin_th_place 
 https://magic.wizards.com/en/articles/archive/mtgo-standings/legacy-challenge-2021-10-04#jpa_th_place 
 https://magic.wizards.com/en/articles/archive/mtgo-standings/legacy-challenge-2021-10-04#snoopy-magic_nd_place 
 https://magic.wizards.com/en/articles/archive/mtgo-standings/legacy-challenge-2021-10-04#kentaro_hokori_rd_place 
 https://magic.wizards.com/en/articles/archive/mtgo-standings/legacy-challenge-2021-10-04#albertosd_th_place 
 https://magic.wizards.com/en/articles/archive/mtgo-standings/legacy-preliminary-2021-09-25#mei_- 
 https://magic.wizards.com/en/articles/archive/mtgo-standings/legacy-preliminary-2021-09-25#triosk_- 
 https://magic.wizards.com/en/articles/archive/mtgo-standings/legacy-preliminary-2021-09-25#windy_- 
","Jonas De Ro","R",2,"Instant","HOU",2.5,20.3,1.9
"2","Abrupt Decay",7,4,15,27,55.6,35.3,74.5," 2 Elves 
 1 Turbo   Depths 
 1 Unknown 
"," https://magic.wizards.com/en/articles/archive/mtgo-standings/legacy-challenge-2021-09-27#demonictutors_th_place 
 https://magic.wizards.com/en/articles/archive/mtgo-standings/legacy-challenge-2021-09-27#methekaptain_th_place 
 https://magic.wizards.com/en/articles/archive/mtgo-standings/legacy-challenge-2021-09-27#lollerstank_th_place 
 https://magic.wizards.com/en/articles/archive/mtgo-standings/legacy-challenge-2021-10-04#lollerstank_th_place 
","Svetlin Velinov","B,G",2,"Instant","RTR",0.7,5.8,1.8
"3","Aether Spellbomb",1,1,3,6,50,11.8,88.2," 1 Artifacts   Blue 
"," https://magic.wizards.com/en/articles/archive/mtgo-standings/legacy-challenge-2021-10-04#kauffj_st_place 
","Jim Nelson","",1,"Artifact","MRD",0.1,1.4,1
"4","Aetherflux Reservoir",1,1,6,7,85.7,42.1,99.6," 1 Conflict(Karn   Echoes,Karn   Post) 
"," https://magic.wizards.com/en/articles/archive/mtgo-standings/legacy-challenge-2021-10-04#wambocombo_th_place 
","Cliff Childs","",4,"Artifact","KLD",0.1,1.4,1
"5","Alpine Moon",7,6,25,36,69.4,51.9,83.7," 1 Izzet Painter 
 1 Jeskai Ragavan 
 4 Unknown 
"," https://magic.wizards.com/en/articles/archive/mtgo-standings/legacy-challenge-2021-09-27#ayeitsnick_th_place 
 https://magic.wizards.com/en/articles/archive/mtgo-standings/legacy-challenge-2021-09-27#thalai_th_place 
 https://magic.wizards.com/en/articles/archive/mtgo-standings/legacy-challenge-2021-10-04#patxi_th_place 
 https://magic.wizards.com/en/articles/archive/mtgo-standings/legacy-challenge-2021-10-04#minem_th_place 
 https://magic.wizards.com/en/articles/archive/mtgo-standings/legacy-challenge-2021-10-04#ziggy_stardust_st_place 
 https://magic.wizards.com/en/articles/archive/mtgo-standings/legacy-preliminary-2021-09-25#mei_- 
","Alayna Danner","R",1,"Enchantment","M19",0.7,8.7,1.2
"6","Ancient Grudge",3,1,4,7,57.1,18.4,90.1," 1 Madness 
"," https://magic.wizards.com/en/articles/archive/mtgo-standings/legacy-challenge-2021-09-27#ellaone_th_place 
","Jim Nelson","R",2,"Instant","TSP",0.3,1.4,3
"7","Archetype of Endurance",3,3,15,21,71.4,47.8,88.7," 2 Tin   Fins   
 1 WUBR Reanimator 
"," https://magic.wizards.com/en/articles/archive/mtgo-standings/legacy-challenge-2021-09-27#medvedev_th_place 
 https://magic.wizards.com/en/articles/archive/mtgo-standings/legacy-challenge-2021-09-27#camus_th_place 
 https://magic.wizards.com/en/articles/archive/mtgo-standings/legacy-challenge-2021-10-04#medvedev_th_place 
","Slawomir Maniak","G",8,"Enchantment,Creature","BNG",0.3,4.3,1
"8","Archon of Cruelty",2,2,10,14,71.4,41.9,91.6," 2 Tin   Fins   
"," https://magic.wizards.com/en/articles/archive/mtgo-standings/legacy-challenge-2021-09-27#medvedev_th_place 
 https://magic.wizards.com/en/articles/archive/mtgo-standings/legacy-challenge-2021-10-04#medvedev_th_place 
","Andrew Mar","B",8,"Creature","MH2",0.2,2.9,1
"9","Assassin's Trophy",4,4,14,26,53.8,33.4,73.4," 3 Elves 
 1 Turbo   Depths 
"," https://magic.wizards.com/en/articles/archive/mtgo-standings/legacy-challenge-2021-09-27#demonictutors_th_place 
 https://magic.wizards.com/en/articles/archive/mtgo-standings/legacy-challenge-2021-09-27#lollerstank_th_place 
 https://magic.wizards.com/en/articles/archive/mtgo-standings/legacy-challenge-2021-10-04#runkor_th_place 
 https://magic.wizards.com/en/articles/archive/mtgo-standings/legacy-challenge-2021-10-04#lollerstank_th_place 
","Seb McKinnon","B,G",2,"Instant","GRN",0.4,5.8,1
"10","Back to Basics",3,2,9,14,64.3,35.1,87.2," 1 Bant Control 
 1 Unknown 
"," https://magic.wizards.com/en/articles/archive/mtgo-standings/legacy-challenge-2021-09-27#thehamburglar_th_place 
 https://magic.wizards.com/en/articles/archive/mtgo-standings/legacy-challenge-2021-10-04#boucha_th_place 
","Andrew Robinson","U",3,"Enchantment","USG",0.3,2.9,1.5
"11","Big Game Hunter",1,1,4,7,57.1,18.4,90.1," 1 Madness 
"," https://magic.wizards.com/en/articles/archive/mtgo-standings/legacy-challenge-2021-09-27#ellaone_th_place 
","Carl Critchlow","B",3,"Creature","PLC",0.1,1.4,1
"12","Blazing Volley",3,2,9,13,69.2,38.6,90.9," 1 Izzet Delver 
 1 Unknown 
"," https://magic.wizards.com/en/articles/archive/mtgo-standings/legacy-challenge-2021-09-27#byvci_th_place 
 https://magic.wizards.com/en/articles/archive/mtgo-standings/legacy-challenge-2021-10-04#dunkin_th_place 
","Zezhou Chen","R",1,"Sorcery","AKH",0.3,2.9,1.5
"13","Blood Moon",6,3,12,20,60,36.1,80.9," 1 Izzet Delver 
 1 Sneak  &  Show 
 1 Temur Temur   Rhinos 
"," https://magic.wizards.com/en/articles/archive/mtgo-standings/legacy-challenge-2021-09-27#xpz_nd_place 
 https://magic.wizards.com/en/articles/archive/mtgo-standings/legacy-challenge-2021-09-27#musasabi_th_place 
 https://magic.wizards.com/en/articles/archive/mtgo-standings/legacy-challenge-2021-10-04#dunkin_th_place 
","Tom Wänerstrand","R",3,"Enchantment","DRK",0.6,4.3,2
"14","Blue Elemental Blast",3,3,12,16,75,47.6,92.7," 1 Izzet Painter 
 1 Jeskai Ragavan 
 1 Sneak  &  Show 
"," https://magic.wizards.com/en/articles/archive/mtgo-standings/legacy-challenge-2021-10-04#oceansoul_th_place 
 https://magic.wizards.com/en/articles/archive/mtgo-standings/legacy-challenge-2021-10-04#jpa_th_place 
 https://magic.wizards.com/en/articles/archive/mtgo-standings/legacy-preliminary-2021-09-25#mei_- 
","Richard Thomas","U",1,"Instant","LEA",0.3,4.3,1
"15","Blue Sun's Zenith",1,1,3,6,50,11.8,88.2," 1 High   Tide 
"," https://magic.wizards.com/en/articles/archive/mtgo-standings/legacy-challenge-2021-10-04#iwouldliketorespond_th_place 
","Izzy","U",3,"Instant","MBS",0.1,1.4,1
"16","Brain Freeze",1,1,3,6,50,11.8,88.2," 1 High   Tide 
"," https://magic.wizards.com/en/articles/archive/mtgo-standings/legacy-challenge-2021-10-04#iwouldliketorespond_th_place 
","Tim Hildebrandt","U",2,"Instant","SCG",0.1,1.4,1
"17","Carpet of Flowers",18,7,33,50,66,51.2,78.8," 1 Bant Control 
 2 Conflict(Slow   Depths,Mono Green Green   Post) 
 1 Simic Omnitell 
 1 Sneak  &  Show 
 2 WURG Control 
"," https://magic.wizards.com/en/articles/archive/mtgo-standings/legacy-challenge-2021-09-27#ht_th_place 
 https://magic.wizards.com/en/articles/archive/mtgo-standings/legacy-challenge-2021-09-27#ziggy_stardust_th_place 
 https://magic.wizards.com/en/articles/archive/mtgo-standings/legacy-challenge-2021-09-27#anzid_th_place 
 https://magic.wizards.com/en/articles/archive/mtgo-standings/legacy-challenge-2021-10-04#anzid_rd_place 
 https://magic.wizards.com/en/articles/archive/mtgo-standings/legacy-challenge-2021-10-04#boucha_th_place 
 https://magic.wizards.com/en/articles/archive/mtgo-standings/legacy-challenge-2021-10-04#truefuturism_th_place 
 https://magic.wizards.com/en/articles/archive/mtgo-standings/legacy-challenge-2021-10-04#into_play_th_place 
","Rebecca Guay","G",1,"Enchantment","USG",1.7,10.1,2.6
"18","Chain of Vapor",1,1,4,6,66.7,22.3,95.7," 1 Unknown 
"," https://magic.wizards.com/en/articles/archive/mtgo-standings/legacy-challenge-2021-10-04#wonderpreaux_th_place 
","Carl Critchlow","U",1,"Instant","ONS",0.1,1.4,1
"19","Chalice of the Void",6,3,12,21,57.1,34,78.2," 2 Death  &  Taxes 
 1 Lands 
"," https://magic.wizards.com/en/articles/archive/mtgo-standings/legacy-challenge-2021-09-27#magic-michael_th_place 
 https://magic.wizards.com/en/articles/archive/mtgo-standings/legacy-challenge-2021-09-27#koko_lopez_rd_place 
 https://magic.wizards.com/en/articles/archive/mtgo-standings/legacy-challenge-2021-10-04#dgreen_th_place 
","Mark Zug","",0,"Artifact","MRD",0.6,4.3,2
"20","Choke",9,5,19,30,63.3,43.9,80.1," 2 Lands 
 3 Slow   Depths 
"," https://magic.wizards.com/en/articles/archive/mtgo-standings/legacy-challenge-2021-09-27#martin_dominguez_th_place 
 https://magic.wizards.com/en/articles/archive/mtgo-standings/legacy-challenge-2021-10-04#martin_dominguez_th_place 
 https://magic.wizards.com/en/articles/archive/mtgo-standings/legacy-challenge-2021-10-04#dgreen_th_place 
 https://magic.wizards.com/en/articles/archive/mtgo-standings/legacy-challenge-2021-10-04#onionlotus_th_place 
 https://magic.wizards.com/en/articles/archive/mtgo-standings/legacy-preliminary-2021-09-25#maxbv_- 
","Terese Nielsen","G",3,"Enchantment","TMP",0.9,7.2,1.8
"21","Coffin Purge",2,2,10,14,71.4,41.9,91.6," 2 Tin   Fins   
"," https://magic.wizards.com/en/articles/archive/mtgo-standings/legacy-challenge-2021-09-27#medvedev_th_place 
 https://magic.wizards.com/en/articles/archive/mtgo-standings/legacy-challenge-2021-10-04#medvedev_th_place 
","Pete Venters","B",1,"Instant","ODY",0.2,2.9,1
"22","Collector Ouphe",7,7,29,45,64.4,48.8,78.1," 1 Conflict(Slow   Depths,Mono Green Green   Post) 
 2 Elves 
 3 Slow   Depths 
 1 Unknown 
"," https://magic.wizards.com/en/articles/archive/mtgo-standings/legacy-challenge-2021-09-27#demonictutors_th_place 
 https://magic.wizards.com/en/articles/archive/mtgo-standings/legacy-challenge-2021-09-27#martin_dominguez_th_place 
 https://magic.wizards.com/en/articles/archive/mtgo-standings/legacy-challenge-2021-09-27#paucr_th_place 
 https://magic.wizards.com/en/articles/archive/mtgo-standings/legacy-challenge-2021-09-27#lollerstank_th_place 
 https://magic.wizards.com/en/articles/archive/mtgo-standings/legacy-challenge-2021-10-04#martin_dominguez_th_place 
 https://magic.wizards.com/en/articles/archive/mtgo-standings/legacy-challenge-2021-10-04#truefuturism_th_place 
 https://magic.wizards.com/en/articles/archive/mtgo-standings/legacy-preliminary-2021-09-25#maxbv_- 
","Filip Burburan","G",2,"Creature","MH1",0.7,10.1,1
"23","Containment Priest",11,10,41,65,63.1,50.2,74.7," 2 Death  &  Taxes 
 2 Jeskai Ragavan 
 5 Unknown 
 1 WURG Control 
"," https://magic.wizards.com/en/articles/archive/mtgo-standings/legacy-challenge-2021-09-27#ayeitsnick_th_place 
 https://magic.wizards.com/en/articles/archive/mtgo-standings/legacy-challenge-2021-09-27#thalai_th_place 
 https://magic.wizards.com/en/articles/archive/mtgo-standings/legacy-challenge-2021-09-27#yoshiwata_th_place 
 https://magic.wizards.com/en/articles/archive/mtgo-standings/legacy-challenge-2021-09-27#altniccolo_st_place 
 https://magic.wizards.com/en/articles/archive/mtgo-standings/legacy-challenge-2021-09-27#koko_lopez_rd_place 
 https://magic.wizards.com/en/articles/archive/mtgo-standings/legacy-challenge-2021-10-04#patxi_th_place 
 https://magic.wizards.com/en/articles/archive/mtgo-standings/legacy-challenge-2021-10-04#cooluser_th_place 
 https://magic.wizards.com/en/articles/archive/mtgo-standings/legacy-challenge-2021-10-04#minem_th_place 
 https://magic.wizards.com/en/articles/archive/mtgo-standings/legacy-challenge-2021-10-04#ziggy_stardust_st_place 
 https://magic.wizards.com/en/articles/archive/mtgo-standings/legacy-challenge-2021-10-04#mortrd_th_place 
","John Stanko","W",2,"Creature","C14",1.1,14.5,1.1
"24","Council's Judgment",2,2,9,14,64.3,35.1,87.2," 2 Death  &  Taxes 
"," https://magic.wizards.com/en/articles/archive/mtgo-standings/legacy-challenge-2021-09-27#yoshiwata_th_place 
 https://magic.wizards.com/en/articles/archive/mtgo-standings/legacy-challenge-2021-09-27#koko_lopez_rd_place 
","Kev Walker","W",3,"Sorcery","CNS",0.2,2.9,1
"25","Court of Cunning",2,2,6,11,54.5,23.4,83.3," 2 Izzet Delver 
"," https://magic.wizards.com/en/articles/archive/mtgo-standings/legacy-challenge-2021-09-27#billsive_nd_place 
 https://magic.wizards.com/en/articles/archive/mtgo-standings/legacy-preliminary-2021-09-25#windy_- 
","Yeong-Hao Han","U",3,"Enchantment","CMR",0.2,2.9,1
"26","Court of Grace",1,1,5,7,71.4,29,96.3," 1 Bant Control 
"," https://magic.wizards.com/en/articles/archive/mtgo-standings/legacy-challenge-2021-10-04#boucha_th_place 
","Denman Rooke","W",4,"Enchantment","CMR",0.1,1.4,1
"27","Crop Rotation",2,2,8,13,61.5,31.6,86.1," 2 Elves 
"," https://magic.wizards.com/en/articles/archive/mtgo-standings/legacy-challenge-2021-09-27#eronrelentless_th_place 
 https://magic.wizards.com/en/articles/archive/mtgo-standings/legacy-challenge-2021-10-04#shoetech_th_place 
","DiTerlizzi","G",1,"Instant","ULG",0.2,2.9,1
"28","Crucible of Worlds",1,1,4,6,66.7,22.3,95.7," 1 Jeskai Ragavan 
"," https://magic.wizards.com/en/articles/archive/mtgo-standings/legacy-challenge-2021-10-04#minem_th_place 
","Ron Spencer","",3,"Artifact","5DN",0.1,1.4,1
"29","Curse of Silence",4,1,5,7,71.4,29,96.3," 1 Unknown 
"," https://magic.wizards.com/en/articles/archive/mtgo-standings/legacy-challenge-2021-09-27#byvci_th_place 
","Irina Nordsol","W",1,"Enchantment","MID",0.4,1.4,4
"30","Dead // Gone",5,2,11,16,68.8,41.3,89," 1 Mono Red Red   Prison 
 1 Temur Temur   Rhinos 
"," https://magic.wizards.com/en/articles/archive/mtgo-standings/legacy-challenge-2021-09-27#xpz_nd_place 
 https://magic.wizards.com/en/articles/archive/mtgo-standings/legacy-challenge-2021-10-04#supercow_st_place 
","Tomas Giorello","R",4,"Instant","PLC",0.5,2.9,2.5
"31","Deafening Silence",20,7,31,47,66,50.7,79.1," 3 Death  &  Taxes 
 1 Madness 
 3 Slow   Depths 
"," https://magic.wizards.com/en/articles/archive/mtgo-standings/legacy-challenge-2021-09-27#magic-michael_th_place 
 https://magic.wizards.com/en/articles/archive/mtgo-standings/legacy-challenge-2021-09-27#yoshiwata_th_place 
 https://magic.wizards.com/en/articles/archive/mtgo-standings/legacy-challenge-2021-09-27#martin_dominguez_th_place 
 https://magic.wizards.com/en/articles/archive/mtgo-standings/legacy-challenge-2021-09-27#koko_lopez_rd_place 
 https://magic.wizards.com/en/articles/archive/mtgo-standings/legacy-challenge-2021-09-27#ellaone_th_place 
 https://magic.wizards.com/en/articles/archive/mtgo-standings/legacy-challenge-2021-10-04#martin_dominguez_th_place 
 https://magic.wizards.com/en/articles/archive/mtgo-standings/legacy-preliminary-2021-09-25#maxbv_- 
","Igor Kieryluk","W",1,"Enchantment","ELD",1.9,10.1,2.9
"32","Defense Grid",7,4,19,30,63.3,43.9,80.1," 1 Simic Omnitell 
 1 Sneak  &  Show 
 2 Unknown 
"," https://magic.wizards.com/en/articles/archive/mtgo-standings/legacy-challenge-2021-09-27#wonderpreaux_th_place 
 https://magic.wizards.com/en/articles/archive/mtgo-standings/legacy-challenge-2021-09-27#ziggy_stardust_th_place 
 https://magic.wizards.com/en/articles/archive/mtgo-standings/legacy-challenge-2021-09-27#musasabi_th_place 
 https://magic.wizards.com/en/articles/archive/mtgo-standings/legacy-challenge-2021-10-04#wonderpreaux_th_place 
","Mark Tedin","",2,"Artifact","ULG",0.7,5.8,1.8
"33","Disenchant",2,1,4,6,66.7,22.3,95.7," 1 Conflict(Azorius Affinity,Artifacts   Blue) 
"," https://magic.wizards.com/en/articles/archive/mtgo-standings/legacy-challenge-2021-10-04#musasabi_th_place 
","Amy Weber","W",2,"Instant","LEA",0.2,1.4,2
"34","Dismember",2,1,3,6,50,11.8,88.2," 1 Artifacts   Blue 
"," https://magic.wizards.com/en/articles/archive/mtgo-standings/legacy-challenge-2021-10-04#kauffj_st_place 
","Terese Nielsen","B",3,"Instant","NPH",0.2,1.4,2
"35","Dress Down",8,4,18,29,62.1,42.3,79.3," 1 High   Tide 
 1 Simic Omnitell 
 2 WURG Control 
"," https://magic.wizards.com/en/articles/archive/mtgo-standings/legacy-challenge-2021-09-27#ziggy_stardust_th_place 
 https://magic.wizards.com/en/articles/archive/mtgo-standings/legacy-challenge-2021-09-27#anzid_th_place 
 https://magic.wizards.com/en/articles/archive/mtgo-standings/legacy-challenge-2021-10-04#anzid_rd_place 
 https://magic.wizards.com/en/articles/archive/mtgo-standings/legacy-challenge-2021-10-04#iwouldliketorespond_th_place 
","Iain McCaig","U",2,"Enchantment","MH2",0.8,5.8,2
"36","Echo of Eons",1,1,4,7,57.1,18.4,90.1," 1 Unknown 
"," https://magic.wizards.com/en/articles/archive/mtgo-standings/legacy-challenge-2021-09-27#methekaptain_th_place 
","Terese Nielsen","U",6,"Sorcery","MH1",0.1,1.4,1
"37","Echoing Truth",5,4,16,27,59.3,38.8,77.6," 1 High   Tide 
 1 Simic Omnitell 
 1 Sneak  &  Show 
 1 WUBR Reanimator 
"," https://magic.wizards.com/en/articles/archive/mtgo-standings/legacy-challenge-2021-09-27#ziggy_stardust_th_place 
 https://magic.wizards.com/en/articles/archive/mtgo-standings/legacy-challenge-2021-09-27#camus_th_place 
 https://magic.wizards.com/en/articles/archive/mtgo-standings/legacy-challenge-2021-10-04#snoopy-magic_nd_place 
 https://magic.wizards.com/en/articles/archive/mtgo-standings/legacy-challenge-2021-10-04#iwouldliketorespond_th_place 
","Greg Staples","U",2,"Instant","DST",0.5,5.8,1.2
"38","Empty the Warrens",1,1,4,7,57.1,18.4,90.1," 1 Unknown 
"," https://magic.wizards.com/en/articles/archive/mtgo-standings/legacy-challenge-2021-09-27#methekaptain_th_place 
","Mark Brill","R",4,"Sorcery","TSP",0.1,1.4,1
"39","Endurance",47,18,70,115,60.9,51.3,69.8," 2 Conflict(Slow   Depths,Mono Green Green   Post) 
 5 Elves 
 4 Lands 
 3 Slow   Depths 
 1 Temur Temur   Rhinos 
 1 Turbo   Depths 
 2 WURG Control 
"," https://magic.wizards.com/en/articles/archive/mtgo-standings/legacy-challenge-2021-09-27#demonictutors_th_place 
 https://magic.wizards.com/en/articles/archive/mtgo-standings/legacy-challenge-2021-09-27#martin_dominguez_th_place 
 https://magic.wizards.com/en/articles/archive/mtgo-standings/legacy-challenge-2021-09-27#eronrelentless_th_place 
 https://magic.wizards.com/en/articles/archive/mtgo-standings/legacy-challenge-2021-09-27#xpz_nd_place 
 https://magic.wizards.com/en/articles/archive/mtgo-standings/legacy-challenge-2021-09-27#anzid_th_place 
 https://magic.wizards.com/en/articles/archive/mtgo-standings/legacy-challenge-2021-09-27#onionlotus_th_place 
 https://magic.wizards.com/en/articles/archive/mtgo-standings/legacy-challenge-2021-09-27#lollerstank_th_place 
 https://magic.wizards.com/en/articles/archive/mtgo-standings/legacy-challenge-2021-09-27#isthetim_st_place 
 https://magic.wizards.com/en/articles/archive/mtgo-standings/legacy-challenge-2021-10-04#anzid_rd_place 
 https://magic.wizards.com/en/articles/archive/mtgo-standings/legacy-challenge-2021-10-04#martin_dominguez_th_place 
 https://magic.wizards.com/en/articles/archive/mtgo-standings/legacy-challenge-2021-10-04#truefuturism_th_place 
 https://magic.wizards.com/en/articles/archive/mtgo-standings/legacy-challenge-2021-10-04#shoetech_th_place 
 https://magic.wizards.com/en/articles/archive/mtgo-standings/legacy-challenge-2021-10-04#into_play_th_place 
 https://magic.wizards.com/en/articles/archive/mtgo-standings/legacy-challenge-2021-10-04#runkor_th_place 
 https://magic.wizards.com/en/articles/archive/mtgo-standings/legacy-challenge-2021-10-04#onionlotus_th_place 
 https://magic.wizards.com/en/articles/archive/mtgo-standings/legacy-challenge-2021-10-04#lollerstank_th_place 
 https://magic.wizards.com/en/articles/archive/mtgo-standings/legacy-preliminary-2021-09-25#isthetim_- 
 https://magic.wizards.com/en/articles/archive/mtgo-standings/legacy-preliminary-2021-09-25#maxbv_- 
","Anastasia Ovchinnikova","G",3,"Creature","MH2",4.5,26.1,2.6
"40","Engineered Explosives",8,6,24,40,60,43.3,75.1," 1 Artifacts   Blue 
 1 Bant Control 
 1 Jeskai Ragavan 
 2 Sneak  &  Show 
 1 WURG Control 
"," https://magic.wizards.com/en/articles/archive/mtgo-standings/legacy-challenge-2021-09-27#ht_th_place 
 https://magic.wizards.com/en/articles/archive/mtgo-standings/legacy-challenge-2021-09-27#musasabi_th_place 
 https://magic.wizards.com/en/articles/archive/mtgo-standings/legacy-challenge-2021-10-04#boucha_th_place 
 https://magic.wizards.com/en/articles/archive/mtgo-standings/legacy-challenge-2021-10-04#oceansoul_th_place 
 https://magic.wizards.com/en/articles/archive/mtgo-standings/legacy-challenge-2021-10-04#mortrd_th_place 
 https://magic.wizards.com/en/articles/archive/mtgo-standings/legacy-challenge-2021-10-04#kauffj_st_place 
","Ron Spears","",0,"Artifact","5DN",0.8,8.7,1.3
"41","Ensnaring Bridge",6,6,34,46,73.9,58.9,85.7," 1 Conflict(Karn   Echoes,Karn   Post) 
 2 Curse   Stompy 
 3 Karn   Post 
"," https://magic.wizards.com/en/articles/archive/mtgo-standings/legacy-challenge-2021-09-27#funnyman_st_place 
 https://magic.wizards.com/en/articles/archive/mtgo-standings/legacy-challenge-2021-09-27#mcguirecj_th_place 
 https://magic.wizards.com/en/articles/archive/mtgo-standings/legacy-challenge-2021-09-27#burrarun_th_place 
 https://magic.wizards.com/en/articles/archive/mtgo-standings/legacy-challenge-2021-10-04#funnyman_th_place 
 https://magic.wizards.com/en/articles/archive/mtgo-standings/legacy-challenge-2021-10-04#wambocombo_th_place 
 https://magic.wizards.com/en/articles/archive/mtgo-standings/legacy-challenge-2021-10-04#blj_nd_place 
","Pete Venters","",3,"Artifact","STH",0.6,8.7,1
"42","Ethersworn Canonist",13,8,34,55,61.8,47.7,74.6," 1 Bant Control 
 1 Death  &  Taxes 
 2 Jeskai Ragavan 
 1 Unknown 
 3 WURG Control 
"," https://magic.wizards.com/en/articles/archive/mtgo-standings/legacy-challenge-2021-09-27#paucr_th_place 
 https://magic.wizards.com/en/articles/archive/mtgo-standings/legacy-challenge-2021-09-27#altniccolo_st_place 
 https://magic.wizards.com/en/articles/archive/mtgo-standings/legacy-challenge-2021-09-27#koko_lopez_rd_place 
 https://magic.wizards.com/en/articles/archive/mtgo-standings/legacy-challenge-2021-09-27#anzid_th_place 
 https://magic.wizards.com/en/articles/archive/mtgo-standings/legacy-challenge-2021-10-04#anzid_rd_place 
 https://magic.wizards.com/en/articles/archive/mtgo-standings/legacy-challenge-2021-10-04#boucha_th_place 
 https://magic.wizards.com/en/articles/archive/mtgo-standings/legacy-challenge-2021-10-04#oceansoul_th_place 
 https://magic.wizards.com/en/articles/archive/mtgo-standings/legacy-challenge-2021-10-04#mortrd_th_place 
","Izzy","W",2,"Artifact,Creature","ALA",1.3,11.6,1.6
"43","Faerie Macabre",7,3,15,21,71.4,47.8,88.7," 1 Death  &  Taxes 
 2 Tin   Fins   
"," https://magic.wizards.com/en/articles/archive/mtgo-standings/legacy-challenge-2021-09-27#medvedev_th_place 
 https://magic.wizards.com/en/articles/archive/mtgo-standings/legacy-challenge-2021-09-27#yoshiwata_th_place 
 https://magic.wizards.com/en/articles/archive/mtgo-standings/legacy-challenge-2021-10-04#medvedev_th_place 
","rk post","B",3,"Creature","SHM",0.7,4.3,2.3
"44","Fatal Push",12,4,16,26,61.5,40.6,79.8," 4 Elves 
"," https://magic.wizards.com/en/articles/archive/mtgo-standings/legacy-challenge-2021-09-27#demonictutors_th_place 
 https://magic.wizards.com/en/articles/archive/mtgo-standings/legacy-challenge-2021-09-27#eronrelentless_th_place 
 https://magic.wizards.com/en/articles/archive/mtgo-standings/legacy-challenge-2021-10-04#shoetech_th_place 
 https://magic.wizards.com/en/articles/archive/mtgo-standings/legacy-challenge-2021-10-04#runkor_th_place 
","Eric Deschamps","B",1,"Instant","AER",1.2,5.8,3
"45","Fiery Confluence",2,1,7,9,77.8,40,97.2," 1 Mono Red Red   Prison 
"," https://magic.wizards.com/en/articles/archive/mtgo-standings/legacy-challenge-2021-10-04#supercow_st_place 
","Kieran Yanner","R",4,"Sorcery","C15",0.2,1.4,2
"46","Firemind's Foresight",1,1,3,6,50,11.8,88.2," 1 Sneak  &  Show 
"," https://magic.wizards.com/en/articles/archive/mtgo-standings/legacy-challenge-2021-10-04#snoopy-magic_nd_place 
","Dan Scott","R,U",7,"Instant","RTR",0.1,1.4,1
"47","Firestorm",3,1,4,7,57.1,18.4,90.1," 1 Madness 
"," https://magic.wizards.com/en/articles/archive/mtgo-standings/legacy-challenge-2021-09-27#ellaone_th_place 
","Jeff Miracola","R",1,"Instant","WTH",0.3,1.4,3
"48","Flusterstorm",12,10,43,67,64.2,51.5,75.5," 1 Izzet Painter 
 1 Simic Omnitell 
 3 Sneak  &  Show 
 4 Unknown 
 1 WURG Control 
"," https://magic.wizards.com/en/articles/archive/mtgo-standings/legacy-challenge-2021-09-27#wonderpreaux_th_place 
 https://magic.wizards.com/en/articles/archive/mtgo-standings/legacy-challenge-2021-09-27#ht_th_place 
 https://magic.wizards.com/en/articles/archive/mtgo-standings/legacy-challenge-2021-09-27#ziggy_stardust_th_place 
 https://magic.wizards.com/en/articles/archive/mtgo-standings/legacy-challenge-2021-09-27#paucr_th_place 
 https://magic.wizards.com/en/articles/archive/mtgo-standings/legacy-challenge-2021-09-27#musasabi_th_place 
 https://magic.wizards.com/en/articles/archive/mtgo-standings/legacy-challenge-2021-10-04#cooluser_th_place 
 https://magic.wizards.com/en/articles/archive/mtgo-standings/legacy-challenge-2021-10-04#wonderpreaux_th_place 
 https://magic.wizards.com/en/articles/archive/mtgo-standings/legacy-challenge-2021-10-04#jpa_th_place 
 https://magic.wizards.com/en/articles/archive/mtgo-standings/legacy-challenge-2021-10-04#mortrd_th_place 
 https://magic.wizards.com/en/articles/archive/mtgo-standings/legacy-preliminary-2021-09-25#mei_- 
","Erica Yang","U",1,"Instant","CMD",1.2,14.5,1.2
"49","Force of Negation",43,27,116,182,63.7,56.3,70.7," 1 Artifacts   Blue 
 1 Grixis Murktide 
 1 High   Tide 
 7 Izzet Delver 
 2 Izzet Murktide 
 3 Jeskai Ragavan 
 1 Temur Temur   Rhinos 
 9 Unknown 
 2 WURG Control 
"," https://magic.wizards.com/en/articles/archive/mtgo-standings/legacy-challenge-2021-09-27#kentaro_hokori_nd_place 
 https://magic.wizards.com/en/articles/archive/mtgo-standings/legacy-challenge-2021-09-27#bullwinkkle_rd_place 
 https://magic.wizards.com/en/articles/archive/mtgo-standings/legacy-challenge-2021-09-27#wonderpreaux_th_place 
 https://magic.wizards.com/en/articles/archive/mtgo-standings/legacy-challenge-2021-09-27#ayeitsnick_th_place 
 https://magic.wizards.com/en/articles/archive/mtgo-standings/legacy-challenge-2021-09-27#thalai_th_place 
 https://magic.wizards.com/en/articles/archive/mtgo-standings/legacy-challenge-2021-09-27#paucr_th_place 
 https://magic.wizards.com/en/articles/archive/mtgo-standings/legacy-challenge-2021-09-27#thehamburglar_th_place 
 https://magic.wizards.com/en/articles/archive/mtgo-standings/legacy-challenge-2021-09-27#altniccolo_st_place 
 https://magic.wizards.com/en/articles/archive/mtgo-standings/legacy-challenge-2021-09-27#xpz_nd_place 
 https://magic.wizards.com/en/articles/archive/mtgo-standings/legacy-challenge-2021-09-27#anzid_th_place 
 https://magic.wizards.com/en/articles/archive/mtgo-standings/legacy-challenge-2021-09-27#momsbasementstreams_th_place 
 https://magic.wizards.com/en/articles/archive/mtgo-standings/legacy-challenge-2021-09-27#billsive_nd_place 
 https://magic.wizards.com/en/articles/archive/mtgo-standings/legacy-challenge-2021-10-04#bullwinkkle_nd_place 
 https://magic.wizards.com/en/articles/archive/mtgo-standings/legacy-challenge-2021-10-04#anzid_rd_place 
 https://magic.wizards.com/en/articles/archive/mtgo-standings/legacy-challenge-2021-10-04#patxi_th_place 
 https://magic.wizards.com/en/articles/archive/mtgo-standings/legacy-challenge-2021-10-04#cooluser_th_place 
 https://magic.wizards.com/en/articles/archive/mtgo-standings/legacy-challenge-2021-10-04#minem_th_place 
 https://magic.wizards.com/en/articles/archive/mtgo-standings/legacy-challenge-2021-10-04#kiyoaggro_th_place 
 https://magic.wizards.com/en/articles/archive/mtgo-standings/legacy-challenge-2021-10-04#wonderpreaux_th_place 
 https://magic.wizards.com/en/articles/archive/mtgo-standings/legacy-challenge-2021-10-04#oceansoul_th_place 
 https://magic.wizards.com/en/articles/archive/mtgo-standings/legacy-challenge-2021-10-04#ziggy_stardust_st_place 
 https://magic.wizards.com/en/articles/archive/mtgo-standings/legacy-challenge-2021-10-04#kentaro_hokori_rd_place 
 https://magic.wizards.com/en/articles/archive/mtgo-standings/legacy-challenge-2021-10-04#albertosd_th_place 
 https://magic.wizards.com/en/articles/archive/mtgo-standings/legacy-challenge-2021-10-04#iwouldliketorespond_th_place 
 https://magic.wizards.com/en/articles/archive/mtgo-standings/legacy-challenge-2021-10-04#kauffj_st_place 
 https://magic.wizards.com/en/articles/archive/mtgo-standings/legacy-preliminary-2021-09-25#triosk_- 
 https://magic.wizards.com/en/articles/archive/mtgo-standings/legacy-preliminary-2021-09-25#windy_- 
","Paul Scott Canavan","U",3,"Instant","MH1",4.2,39.1,1.6
"50","Force of Vigor",34,15,57,94,60.6,50,70.6," 1 Bant Control 
 1 Conflict(Slow   Depths,Mono Green Green   Post) 
 5 Lands 
 1 Simic Omnitell 
 3 Slow   Depths 
 1 Temur Temur   Rhinos 
 1 Turbo   Depths 
 1 Unknown 
 1 WURG Control 
"," https://magic.wizards.com/en/articles/archive/mtgo-standings/legacy-challenge-2021-09-27#ziggy_stardust_th_place 
 https://magic.wizards.com/en/articles/archive/mtgo-standings/legacy-challenge-2021-09-27#martin_dominguez_th_place 
 https://magic.wizards.com/en/articles/archive/mtgo-standings/legacy-challenge-2021-09-27#xpz_nd_place 
 https://magic.wizards.com/en/articles/archive/mtgo-standings/legacy-challenge-2021-09-27#onionlotus_th_place 
 https://magic.wizards.com/en/articles/archive/mtgo-standings/legacy-challenge-2021-09-27#isthetim_st_place 
 https://magic.wizards.com/en/articles/archive/mtgo-standings/legacy-challenge-2021-10-04#boucha_th_place 
 https://magic.wizards.com/en/articles/archive/mtgo-standings/legacy-challenge-2021-10-04#martin_dominguez_th_place 
 https://magic.wizards.com/en/articles/archive/mtgo-standings/legacy-challenge-2021-10-04#cooluser_th_place 
 https://magic.wizards.com/en/articles/archive/mtgo-standings/legacy-challenge-2021-10-04#into_play_th_place 
 https://magic.wizards.com/en/articles/archive/mtgo-standings/legacy-challenge-2021-10-04#dgreen_th_place 
 https://magic.wizards.com/en/articles/archive/mtgo-standings/legacy-challenge-2021-10-04#onionlotus_th_place 
 https://magic.wizards.com/en/articles/archive/mtgo-standings/legacy-challenge-2021-10-04#mortrd_th_place 
 https://magic.wizards.com/en/articles/archive/mtgo-standings/legacy-challenge-2021-10-04#lollerstank_th_place 
 https://magic.wizards.com/en/articles/archive/mtgo-standings/legacy-preliminary-2021-09-25#isthetim_- 
 https://magic.wizards.com/en/articles/archive/mtgo-standings/legacy-preliminary-2021-09-25#maxbv_- 
","Randy Vargas","G",4,"Instant","MH1",3.3,21.7,2.3
"51","Fury",2,1,4,7,57.1,18.4,90.1," 1 Temur Temur   Rhinos 
"," https://magic.wizards.com/en/articles/archive/mtgo-standings/legacy-challenge-2021-09-27#xpz_nd_place 
","Raoul Vitale","R",5,"Creature","MH2",0.2,1.4,2
"52","Gaddock Teeg",4,4,17,25,68,46.5,85.1," 3 Slow   Depths 
 1 Unknown 
"," https://magic.wizards.com/en/articles/archive/mtgo-standings/legacy-challenge-2021-09-27#martin_dominguez_th_place 
 https://magic.wizards.com/en/articles/archive/mtgo-standings/legacy-challenge-2021-09-27#paucr_th_place 
 https://magic.wizards.com/en/articles/archive/mtgo-standings/legacy-challenge-2021-10-04#martin_dominguez_th_place 
 https://magic.wizards.com/en/articles/archive/mtgo-standings/legacy-preliminary-2021-09-25#maxbv_- 
","Greg Staples","G,W",2,"Creature","LRW",0.4,5.8,1
"53","Galvanic Relay",4,1,4,7,57.1,18.4,90.1," 1 Unknown 
"," https://magic.wizards.com/en/articles/archive/mtgo-standings/legacy-challenge-2021-09-27#methekaptain_th_place 
","Lucas Staniec","R",3,"Sorcery","MH2",0.4,1.4,4
"54","Gemrazer",2,1,5,7,71.4,29,96.3," 1 Unknown 
"," https://magic.wizards.com/en/articles/archive/mtgo-standings/legacy-challenge-2021-09-27#byvci_th_place 
","Svetlin Velinov","G",4,"Creature","IKO",0.2,1.4,2
"55","Grafdigger's Cage",21,17,74,113,65.5,56,74.2," 1 Artifacts   Blue 
 1 Conflict(Azorius Affinity,Artifacts   Blue) 
 2 Death  &  Taxes 
 1 High   Tide 
 1 Izzet Delver 
 2 Izzet Murktide 
 1 Izzet Painter 
 3 Jeskai Ragavan 
 1 Simic Omnitell 
 2 Sneak  &  Show 
 2 Unknown 
"," https://magic.wizards.com/en/articles/archive/mtgo-standings/legacy-challenge-2021-09-27#bullwinkkle_rd_place 
 https://magic.wizards.com/en/articles/archive/mtgo-standings/legacy-challenge-2021-09-27#ziggy_stardust_th_place 
 https://magic.wizards.com/en/articles/archive/mtgo-standings/legacy-challenge-2021-09-27#thalai_th_place 
 https://magic.wizards.com/en/articles/archive/mtgo-standings/legacy-challenge-2021-09-27#yoshiwata_th_place 
 https://magic.wizards.com/en/articles/archive/mtgo-standings/legacy-challenge-2021-09-27#altniccolo_st_place 
 https://magic.wizards.com/en/articles/archive/mtgo-standings/legacy-challenge-2021-09-27#koko_lopez_rd_place 
 https://magic.wizards.com/en/articles/archive/mtgo-standings/legacy-challenge-2021-09-27#musasabi_th_place 
 https://magic.wizards.com/en/articles/archive/mtgo-standings/legacy-challenge-2021-10-04#bullwinkkle_nd_place 
 https://magic.wizards.com/en/articles/archive/mtgo-standings/legacy-challenge-2021-10-04#musasabi_th_place 
 https://magic.wizards.com/en/articles/archive/mtgo-standings/legacy-challenge-2021-10-04#patxi_th_place 
 https://magic.wizards.com/en/articles/archive/mtgo-standings/legacy-challenge-2021-10-04#minem_th_place 
 https://magic.wizards.com/en/articles/archive/mtgo-standings/legacy-challenge-2021-10-04#oceansoul_th_place 
 https://magic.wizards.com/en/articles/archive/mtgo-standings/legacy-challenge-2021-10-04#dunkin_th_place 
 https://magic.wizards.com/en/articles/archive/mtgo-standings/legacy-challenge-2021-10-04#snoopy-magic_nd_place 
 https://magic.wizards.com/en/articles/archive/mtgo-standings/legacy-challenge-2021-10-04#iwouldliketorespond_th_place 
 https://magic.wizards.com/en/articles/archive/mtgo-standings/legacy-challenge-2021-10-04#kauffj_st_place 
 https://magic.wizards.com/en/articles/archive/mtgo-standings/legacy-preliminary-2021-09-25#mei_- 
","Daniel Ljunggren","",1,"Artifact","DKA",2,24.6,1.2
"56","Grapeshot",1,1,4,7,57.1,18.4,90.1," 1 Unknown 
"," https://magic.wizards.com/en/articles/archive/mtgo-standings/legacy-challenge-2021-09-27#methekaptain_th_place 
","Pete Venters","R",2,"Sorcery","TSP",0.1,1.4,1
"57","Grim Lavamancer",3,2,8,13,61.5,31.6,86.1," 1 Jeskai Ragavan 
 1 Sneak  &  Show 
"," https://magic.wizards.com/en/articles/archive/mtgo-standings/legacy-challenge-2021-09-27#altniccolo_st_place 
 https://magic.wizards.com/en/articles/archive/mtgo-standings/legacy-challenge-2021-10-04#jpa_th_place 
","Jim Nelson","R",1,"Creature","TOR",0.3,2.9,1.5
"58","Gut Shot",6,3,10,15,66.7,38.4,88.2," 2 Izzet Delver 
 1 Izzet Painter 
"," https://magic.wizards.com/en/articles/archive/mtgo-standings/legacy-challenge-2021-09-27#billsive_nd_place 
 https://magic.wizards.com/en/articles/archive/mtgo-standings/legacy-preliminary-2021-09-25#mei_- 
 https://magic.wizards.com/en/articles/archive/mtgo-standings/legacy-preliminary-2021-09-25#windy_- 
","Greg Staples","R",1,"Instant","NPH",0.6,4.3,2
"59","Helm of Obedience",2,2,9,15,60,32.3,83.7," 2 Curse   Stompy 
"," https://magic.wizards.com/en/articles/archive/mtgo-standings/legacy-challenge-2021-09-27#mcguirecj_th_place 
 https://magic.wizards.com/en/articles/archive/mtgo-standings/legacy-challenge-2021-09-27#burrarun_th_place 
","Brian Snõddy","",4,"Artifact","ALL",0.2,2.9,1
"60","Hullbreacher",1,1,3,6,50,11.8,88.2," 1 WURG Control 
"," https://magic.wizards.com/en/articles/archive/mtgo-standings/legacy-challenge-2021-10-04#mortrd_th_place 
","Sidharth Chaturvedi","U",3,"Creature","CMR",0.1,1.4,1
"61","Hurkyl's Recall",1,1,4,7,57.1,18.4,90.1," 1 Unknown 
"," https://magic.wizards.com/en/articles/archive/mtgo-standings/legacy-challenge-2021-09-27#thehamburglar_th_place 
","NéNé Thomas","U",2,"Instant","ATQ",0.1,1.4,1
"62","Hydroblast",13,13,57,86,66.3,55.3,76.1," 6 Izzet Delver 
 2 Izzet Murktide 
 1 Jeskai Ragavan 
 1 Sneak  &  Show 
 2 Unknown 
 1 WURG Control 
"," https://magic.wizards.com/en/articles/archive/mtgo-standings/legacy-challenge-2021-09-27#kentaro_hokori_nd_place 
 https://magic.wizards.com/en/articles/archive/mtgo-standings/legacy-challenge-2021-09-27#bullwinkkle_rd_place 
 https://magic.wizards.com/en/articles/archive/mtgo-standings/legacy-challenge-2021-09-27#thehamburglar_th_place 
 https://magic.wizards.com/en/articles/archive/mtgo-standings/legacy-challenge-2021-09-27#musasabi_th_place 
 https://magic.wizards.com/en/articles/archive/mtgo-standings/legacy-challenge-2021-10-04#bullwinkkle_nd_place 
 https://magic.wizards.com/en/articles/archive/mtgo-standings/legacy-challenge-2021-10-04#cooluser_th_place 
 https://magic.wizards.com/en/articles/archive/mtgo-standings/legacy-challenge-2021-10-04#kiyoaggro_th_place 
 https://magic.wizards.com/en/articles/archive/mtgo-standings/legacy-challenge-2021-10-04#oceansoul_th_place 
 https://magic.wizards.com/en/articles/archive/mtgo-standings/legacy-challenge-2021-10-04#kentaro_hokori_rd_place 
 https://magic.wizards.com/en/articles/archive/mtgo-standings/legacy-challenge-2021-10-04#albertosd_th_place 
 https://magic.wizards.com/en/articles/archive/mtgo-standings/legacy-challenge-2021-10-04#mortrd_th_place 
 https://magic.wizards.com/en/articles/archive/mtgo-standings/legacy-preliminary-2021-09-25#triosk_- 
 https://magic.wizards.com/en/articles/archive/mtgo-standings/legacy-preliminary-2021-09-25#windy_- 
","Kaja Foglio","U",1,"Instant","ICE",1.3,18.8,1
"63","Intuition",1,1,3,6,50,11.8,88.2," 1 Sneak  &  Show 
"," https://magic.wizards.com/en/articles/archive/mtgo-standings/legacy-challenge-2021-10-04#snoopy-magic_nd_place 
","April Lee","U",3,"Instant","TMP",0.1,1.4,1
"64","Iona, Shield of Emeria",1,1,5,7,71.4,29,96.3," 1 WUBR Reanimator 
"," https://magic.wizards.com/en/articles/archive/mtgo-standings/legacy-challenge-2021-09-27#camus_th_place 
","Jason Chan","W",9,"Creature","ZEN",0.1,1.4,1
"65","Izzet Staticaster",8,7,31,47,66,50.7,79.1," 2 Jeskai Ragavan 
 4 Unknown 
 1 WURG Control 
"," https://magic.wizards.com/en/articles/archive/mtgo-standings/legacy-challenge-2021-09-27#ayeitsnick_th_place 
 https://magic.wizards.com/en/articles/archive/mtgo-standings/legacy-challenge-2021-09-27#thalai_th_place 
 https://magic.wizards.com/en/articles/archive/mtgo-standings/legacy-challenge-2021-09-27#altniccolo_st_place 
 https://magic.wizards.com/en/articles/archive/mtgo-standings/legacy-challenge-2021-10-04#anzid_rd_place 
 https://magic.wizards.com/en/articles/archive/mtgo-standings/legacy-challenge-2021-10-04#patxi_th_place 
 https://magic.wizards.com/en/articles/archive/mtgo-standings/legacy-challenge-2021-10-04#minem_th_place 
 https://magic.wizards.com/en/articles/archive/mtgo-standings/legacy-challenge-2021-10-04#ziggy_stardust_st_place 
","Scott M. Fischer","R,U",3,"Creature","RTR",0.8,10.1,1.1
"66","Jegantha, the Wellspring",1,1,5,7,71.4,29,96.3," 1 Unknown 
"," https://magic.wizards.com/en/articles/archive/mtgo-standings/legacy-challenge-2021-09-27#byvci_th_place 
","Chris Rahn","G,R",5,"Creature","IKO",0.1,1.4,1
"67","Knight of Autumn",2,2,7,11,63.6,30.8,89.1," 1 Slow   Depths 
 1 Unknown 
"," https://magic.wizards.com/en/articles/archive/mtgo-standings/legacy-challenge-2021-09-27#paucr_th_place 
 https://magic.wizards.com/en/articles/archive/mtgo-standings/legacy-preliminary-2021-09-25#maxbv_- 
","Ryan Pancoast","G,W",3,"Creature","GRN",0.2,2.9,1
"68","Kozilek's Return",1,1,3,6,50,11.8,88.2," 1 Sneak  &  Show 
"," https://magic.wizards.com/en/articles/archive/mtgo-standings/legacy-challenge-2021-10-04#snoopy-magic_nd_place 
","Lius Lasahido","",3,"Instant","OGW",0.1,1.4,1
"69","Krosan Grip",3,1,4,6,66.7,22.3,95.7," 1 Conflict(Slow   Depths,Mono Green Green   Post) 
"," https://magic.wizards.com/en/articles/archive/mtgo-standings/legacy-challenge-2021-10-04#truefuturism_th_place 
","Zoltan Boros & Gabor Szikszai","G",3,"Instant","TSP",0.3,1.4,3
"70","Leonin Relic-Warder",1,1,4,7,57.1,18.4,90.1," 1 Death  &  Taxes 
"," https://magic.wizards.com/en/articles/archive/mtgo-standings/legacy-challenge-2021-09-27#koko_lopez_rd_place 
","Greg Staples","W",2,"Creature","MBS",0.1,1.4,1
"71","Leyline of Sanctity",3,1,3,6,50,11.8,88.2," 1 Turbo   Depths 
"," https://magic.wizards.com/en/articles/archive/mtgo-standings/legacy-challenge-2021-10-04#lollerstank_th_place 
","Ryan Pancoast","W",4,"Enchantment","M11",0.3,1.4,3
"72","Leyline of the Void",37,14,67,101,66.3,56.2,75.4," 5 Elves 
 3 Karn   Post 
 1 Lands 
 1 Madness 
 1 Mono Red Red   Prison 
 3 Unknown 
"," https://magic.wizards.com/en/articles/archive/mtgo-standings/legacy-challenge-2021-09-27#funnyman_st_place 
 https://magic.wizards.com/en/articles/archive/mtgo-standings/legacy-challenge-2021-09-27#wonderpreaux_th_place 
 https://magic.wizards.com/en/articles/archive/mtgo-standings/legacy-challenge-2021-09-27#byvci_th_place 
 https://magic.wizards.com/en/articles/archive/mtgo-standings/legacy-challenge-2021-09-27#demonictutors_th_place 
 https://magic.wizards.com/en/articles/archive/mtgo-standings/legacy-challenge-2021-09-27#eronrelentless_th_place 
 https://magic.wizards.com/en/articles/archive/mtgo-standings/legacy-challenge-2021-09-27#ellaone_th_place 
 https://magic.wizards.com/en/articles/archive/mtgo-standings/legacy-challenge-2021-09-27#lollerstank_th_place 
 https://magic.wizards.com/en/articles/archive/mtgo-standings/legacy-challenge-2021-10-04#supercow_st_place 
 https://magic.wizards.com/en/articles/archive/mtgo-standings/legacy-challenge-2021-10-04#funnyman_th_place 
 https://magic.wizards.com/en/articles/archive/mtgo-standings/legacy-challenge-2021-10-04#wonderpreaux_th_place 
 https://magic.wizards.com/en/articles/archive/mtgo-standings/legacy-challenge-2021-10-04#shoetech_th_place 
 https://magic.wizards.com/en/articles/archive/mtgo-standings/legacy-challenge-2021-10-04#dgreen_th_place 
 https://magic.wizards.com/en/articles/archive/mtgo-standings/legacy-challenge-2021-10-04#runkor_th_place 
 https://magic.wizards.com/en/articles/archive/mtgo-standings/legacy-challenge-2021-10-04#blj_nd_place 
","Adam Rex","B",4,"Enchantment","GPT",3.6,20.3,2.6
"73","Lightning Bolt",1,1,5,8,62.5,24.5,91.5," 1 Sneak  &  Show 
"," https://magic.wizards.com/en/articles/archive/mtgo-standings/legacy-challenge-2021-09-27#ht_th_place 
","Christopher Rush","R",1,"Instant","LEA",0.1,1.4,1
"74","Liliana, the Last Hope",1,1,4,7,57.1,18.4,90.1," 1 Unknown 
"," https://magic.wizards.com/en/articles/archive/mtgo-standings/legacy-challenge-2021-09-27#thehamburglar_th_place 
","Anna Steinbauer","B",3,"Planeswalker","EMN",0.1,1.4,1
"75","Lion's Eye Diamond",1,1,6,7,85.7,42.1,99.6," 1 Conflict(Karn   Echoes,Karn   Post) 
"," https://magic.wizards.com/en/articles/archive/mtgo-standings/legacy-challenge-2021-10-04#wambocombo_th_place 
","Margaret Organ-Kean","",0,"Artifact","MIR",0.1,1.4,1
"76","Liquimetal Coating",6,6,34,46,73.9,58.9,85.7," 1 Conflict(Karn   Echoes,Karn   Post) 
 2 Curse   Stompy 
 3 Karn   Post 
"," https://magic.wizards.com/en/articles/archive/mtgo-standings/legacy-challenge-2021-09-27#funnyman_st_place 
 https://magic.wizards.com/en/articles/archive/mtgo-standings/legacy-challenge-2021-09-27#mcguirecj_th_place 
 https://magic.wizards.com/en/articles/archive/mtgo-standings/legacy-challenge-2021-09-27#burrarun_th_place 
 https://magic.wizards.com/en/articles/archive/mtgo-standings/legacy-challenge-2021-10-04#funnyman_th_place 
 https://magic.wizards.com/en/articles/archive/mtgo-standings/legacy-challenge-2021-10-04#wambocombo_th_place 
 https://magic.wizards.com/en/articles/archive/mtgo-standings/legacy-challenge-2021-10-04#blj_nd_place 
","Johann Bodin","",2,"Artifact","SOM",0.6,8.7,1
"77","Magus of the Moon",9,4,19,29,65.5,45.7,82.1," 1 Mono Red Red   Prison 
 3 Sneak  &  Show 
"," https://magic.wizards.com/en/articles/archive/mtgo-standings/legacy-challenge-2021-09-27#ht_th_place 
 https://magic.wizards.com/en/articles/archive/mtgo-standings/legacy-challenge-2021-10-04#supercow_st_place 
 https://magic.wizards.com/en/articles/archive/mtgo-standings/legacy-challenge-2021-10-04#jpa_th_place 
 https://magic.wizards.com/en/articles/archive/mtgo-standings/legacy-challenge-2021-10-04#snoopy-magic_nd_place 
","Franz Vohwinkel","R",3,"Creature","FUT",0.9,5.8,2.2
"78","Massacre",1,1,4,7,57.1,18.4,90.1," 1 Unknown 
"," https://magic.wizards.com/en/articles/archive/mtgo-standings/legacy-challenge-2021-09-27#methekaptain_th_place 
","Pete Venters","B",4,"Sorcery","NEM",0.1,1.4,1
"79","Meddling Mage",13,7,30,45,66.7,51,80," 1 Bant Control 
 1 Jeskai Ragavan 
 5 Unknown 
"," https://magic.wizards.com/en/articles/archive/mtgo-standings/legacy-challenge-2021-09-27#ayeitsnick_th_place 
 https://magic.wizards.com/en/articles/archive/mtgo-standings/legacy-challenge-2021-09-27#thalai_th_place 
 https://magic.wizards.com/en/articles/archive/mtgo-standings/legacy-challenge-2021-10-04#boucha_th_place 
 https://magic.wizards.com/en/articles/archive/mtgo-standings/legacy-challenge-2021-10-04#patxi_th_place 
 https://magic.wizards.com/en/articles/archive/mtgo-standings/legacy-challenge-2021-10-04#cooluser_th_place 
 https://magic.wizards.com/en/articles/archive/mtgo-standings/legacy-challenge-2021-10-04#minem_th_place 
 https://magic.wizards.com/en/articles/archive/mtgo-standings/legacy-challenge-2021-10-04#ziggy_stardust_st_place 
","Christopher Moeller","U,W",2,"Creature","PLS",1.3,10.1,1.9
"80","Meltdown",8,8,32,52,61.5,47,74.7," 1 Grixis Murktide 
 7 Izzet Delver 
"," https://magic.wizards.com/en/articles/archive/mtgo-standings/legacy-challenge-2021-09-27#kentaro_hokori_nd_place 
 https://magic.wizards.com/en/articles/archive/mtgo-standings/legacy-challenge-2021-09-27#momsbasementstreams_th_place 
 https://magic.wizards.com/en/articles/archive/mtgo-standings/legacy-challenge-2021-09-27#billsive_nd_place 
 https://magic.wizards.com/en/articles/archive/mtgo-standings/legacy-challenge-2021-10-04#kiyoaggro_th_place 
 https://magic.wizards.com/en/articles/archive/mtgo-standings/legacy-challenge-2021-10-04#dunkin_th_place 
 https://magic.wizards.com/en/articles/archive/mtgo-standings/legacy-challenge-2021-10-04#kentaro_hokori_rd_place 
 https://magic.wizards.com/en/articles/archive/mtgo-standings/legacy-challenge-2021-10-04#albertosd_th_place 
 https://magic.wizards.com/en/articles/archive/mtgo-standings/legacy-preliminary-2021-09-25#triosk_- 
","Donato Giancola","R",1,"Sorcery","USG",0.8,11.6,1
"81","Mesmeric Orb",1,1,6,7,85.7,42.1,99.6," 1 Conflict(Karn   Echoes,Karn   Post) 
"," https://magic.wizards.com/en/articles/archive/mtgo-standings/legacy-challenge-2021-10-04#wambocombo_th_place 
","David Martin","",2,"Artifact","MRD",0.1,1.4,1
"82","Mindbreak Trap",13,5,23,33,69.7,51.3,84.4," 1 Conflict(Karn   Echoes,Karn   Post) 
 2 Conflict(Slow   Depths,Mono Green Green   Post) 
 2 Death  &  Taxes 
"," https://magic.wizards.com/en/articles/archive/mtgo-standings/legacy-challenge-2021-09-27#yoshiwata_th_place 
 https://magic.wizards.com/en/articles/archive/mtgo-standings/legacy-challenge-2021-09-27#koko_lopez_rd_place 
 https://magic.wizards.com/en/articles/archive/mtgo-standings/legacy-challenge-2021-10-04#wambocombo_th_place 
 https://magic.wizards.com/en/articles/archive/mtgo-standings/legacy-challenge-2021-10-04#truefuturism_th_place 
 https://magic.wizards.com/en/articles/archive/mtgo-standings/legacy-challenge-2021-10-04#into_play_th_place 
","Christopher Moeller","U",4,"Instant","ZEN",1.3,7.2,2.6
"83","Monastery Mentor",2,1,4,7,57.1,18.4,90.1," 1 Unknown 
"," https://magic.wizards.com/en/articles/archive/mtgo-standings/legacy-challenge-2021-09-27#paucr_th_place 
","Magali Villeneuve","W",3,"Creature","FRF",0.2,1.4,2
"84","Mycosynth Lattice",6,6,34,46,73.9,58.9,85.7," 1 Conflict(Karn   Echoes,Karn   Post) 
 2 Curse   Stompy 
 3 Karn   Post 
"," https://magic.wizards.com/en/articles/archive/mtgo-standings/legacy-challenge-2021-09-27#funnyman_st_place 
 https://magic.wizards.com/en/articles/archive/mtgo-standings/legacy-challenge-2021-09-27#mcguirecj_th_place 
 https://magic.wizards.com/en/articles/archive/mtgo-standings/legacy-challenge-2021-09-27#burrarun_th_place 
 https://magic.wizards.com/en/articles/archive/mtgo-standings/legacy-challenge-2021-10-04#funnyman_th_place 
 https://magic.wizards.com/en/articles/archive/mtgo-standings/legacy-challenge-2021-10-04#wambocombo_th_place 
 https://magic.wizards.com/en/articles/archive/mtgo-standings/legacy-challenge-2021-10-04#blj_nd_place 
","Anthony S. Waters","",6,"Artifact","DST",0.6,8.7,1
"85","Narset, Parter of Veils",3,3,11,20,55,31.5,76.9," 1 Grixis Murktide 
 2 Izzet Delver 
"," https://magic.wizards.com/en/articles/archive/mtgo-standings/legacy-challenge-2021-09-27#momsbasementstreams_th_place 
 https://magic.wizards.com/en/articles/archive/mtgo-standings/legacy-challenge-2021-09-27#billsive_nd_place 
 https://magic.wizards.com/en/articles/archive/mtgo-standings/legacy-challenge-2021-10-04#dunkin_th_place 
","Magali Villeneuve","U",3,"Planeswalker","WAR",0.3,4.3,1
"86","Nature's Claim",1,1,4,7,57.1,18.4,90.1," 1 Unknown 
"," https://magic.wizards.com/en/articles/archive/mtgo-standings/legacy-challenge-2021-09-27#paucr_th_place 
","Daarken","G",1,"Instant","WWK",0.1,1.4,1
"87","Null Rod",12,12,49,77,63.6,51.9,74.3," 1 Bant Control 
 1 Grixis Murktide 
 2 Izzet Delver 
 2 Jeskai Ragavan 
 1 Simic Omnitell 
 4 Unknown 
 1 WURG Control 
"," https://magic.wizards.com/en/articles/archive/mtgo-standings/legacy-challenge-2021-09-27#ziggy_stardust_th_place 
 https://magic.wizards.com/en/articles/archive/mtgo-standings/legacy-challenge-2021-09-27#ayeitsnick_th_place 
 https://magic.wizards.com/en/articles/archive/mtgo-standings/legacy-challenge-2021-09-27#thalai_th_place 
 https://magic.wizards.com/en/articles/archive/mtgo-standings/legacy-challenge-2021-09-27#altniccolo_st_place 
 https://magic.wizards.com/en/articles/archive/mtgo-standings/legacy-challenge-2021-09-27#momsbasementstreams_th_place 
 https://magic.wizards.com/en/articles/archive/mtgo-standings/legacy-challenge-2021-10-04#boucha_th_place 
 https://magic.wizards.com/en/articles/archive/mtgo-standings/legacy-challenge-2021-10-04#patxi_th_place 
 https://magic.wizards.com/en/articles/archive/mtgo-standings/legacy-challenge-2021-10-04#minem_th_place 
 https://magic.wizards.com/en/articles/archive/mtgo-standings/legacy-challenge-2021-10-04#dunkin_th_place 
 https://magic.wizards.com/en/articles/archive/mtgo-standings/legacy-challenge-2021-10-04#ziggy_stardust_st_place 
 https://magic.wizards.com/en/articles/archive/mtgo-standings/legacy-challenge-2021-10-04#mortrd_th_place 
 https://magic.wizards.com/en/articles/archive/mtgo-standings/legacy-preliminary-2021-09-25#windy_- 
","Anson Maddocks","",2,"Artifact","WTH",1.2,17.4,1
"88","Omniscience",4,2,8,13,61.5,31.6,86.1," 2 Sneak  &  Show 
"," https://magic.wizards.com/en/articles/archive/mtgo-standings/legacy-challenge-2021-09-27#musasabi_th_place 
 https://magic.wizards.com/en/articles/archive/mtgo-standings/legacy-challenge-2021-10-04#jpa_th_place 
","Jason Chan","U",10,"Enchantment","M13",0.4,2.9,2
"89","Opposition Agent",2,1,4,7,57.1,18.4,90.1," 1 Curse   Stompy 
"," https://magic.wizards.com/en/articles/archive/mtgo-standings/legacy-challenge-2021-09-27#burrarun_th_place 
","Scott Murphy","B",3,"Creature","CMR",0.2,1.4,2
"90","Pact of Negation",7,3,13,21,61.9,38.4,81.9," 1 High   Tide 
 2 Unknown 
"," https://magic.wizards.com/en/articles/archive/mtgo-standings/legacy-challenge-2021-09-27#wonderpreaux_th_place 
 https://magic.wizards.com/en/articles/archive/mtgo-standings/legacy-challenge-2021-10-04#wonderpreaux_th_place 
 https://magic.wizards.com/en/articles/archive/mtgo-standings/legacy-challenge-2021-10-04#iwouldliketorespond_th_place 
","Jason Chan","U",0,"Instant","FUT",0.7,4.3,2.3
"91","Palace Jailer",1,1,5,8,62.5,24.5,91.5," 1 Death  &  Taxes 
"," https://magic.wizards.com/en/articles/archive/mtgo-standings/legacy-challenge-2021-09-27#magic-michael_th_place 
","David Palumbo","W",4,"Creature","CN2",0.1,1.4,1
"92","Path to Exile",5,2,9,15,60,32.3,83.7," 1 Death  &  Taxes 
 1 Unknown 
"," https://magic.wizards.com/en/articles/archive/mtgo-standings/legacy-challenge-2021-09-27#magic-michael_th_place 
 https://magic.wizards.com/en/articles/archive/mtgo-standings/legacy-challenge-2021-09-27#paucr_th_place 
","Todd Lockwood","W",1,"Instant","CON",0.5,2.9,2.5
"93","Peacekeeper",1,1,5,7,71.4,29,96.3," 1 Death  &  Taxes 
"," https://magic.wizards.com/en/articles/archive/mtgo-standings/legacy-challenge-2021-09-27#yoshiwata_th_place 
","Donato Giancola","W",3,"Creature","WTH",0.1,1.4,1
"94","Peer into the Abyss",1,1,4,7,57.1,18.4,90.1," 1 Unknown 
"," https://magic.wizards.com/en/articles/archive/mtgo-standings/legacy-challenge-2021-09-27#methekaptain_th_place 
","Izzy","B",7,"Sorcery","M21",0.1,1.4,1
"95","Phyrexian Furnace",1,1,4,6,66.7,22.3,95.7," 1 Unknown 
"," https://magic.wizards.com/en/articles/archive/mtgo-standings/legacy-challenge-2021-10-04#cooluser_th_place 
","George Pratt","",1,"Artifact","WTH",0.1,1.4,1
"96","Pithing Needle",15,15,69,101,68.3,58.3,77.2," 1 Artifacts   Blue 
 1 Conflict(Azorius Affinity,Artifacts   Blue) 
 1 Conflict(Karn   Echoes,Karn   Post) 
 2 Curse   Stompy 
 1 Death  &  Taxes 
 2 Izzet Murktide 
 1 Izzet Painter 
 1 Jeskai Ragavan 
 5 Unknown 
"," https://magic.wizards.com/en/articles/archive/mtgo-standings/legacy-challenge-2021-09-27#bullwinkkle_rd_place 
 https://magic.wizards.com/en/articles/archive/mtgo-standings/legacy-challenge-2021-09-27#mcguirecj_th_place 
 https://magic.wizards.com/en/articles/archive/mtgo-standings/legacy-challenge-2021-09-27#ayeitsnick_th_place 
 https://magic.wizards.com/en/articles/archive/mtgo-standings/legacy-challenge-2021-09-27#thalai_th_place 
 https://magic.wizards.com/en/articles/archive/mtgo-standings/legacy-challenge-2021-09-27#koko_lopez_rd_place 
 https://magic.wizards.com/en/articles/archive/mtgo-standings/legacy-challenge-2021-09-27#burrarun_th_place 
 https://magic.wizards.com/en/articles/archive/mtgo-standings/legacy-challenge-2021-10-04#bullwinkkle_nd_place 
 https://magic.wizards.com/en/articles/archive/mtgo-standings/legacy-challenge-2021-10-04#wambocombo_th_place 
 https://magic.wizards.com/en/articles/archive/mtgo-standings/legacy-challenge-2021-10-04#musasabi_th_place 
 https://magic.wizards.com/en/articles/archive/mtgo-standings/legacy-challenge-2021-10-04#patxi_th_place 
 https://magic.wizards.com/en/articles/archive/mtgo-standings/legacy-challenge-2021-10-04#cooluser_th_place 
 https://magic.wizards.com/en/articles/archive/mtgo-standings/legacy-challenge-2021-10-04#minem_th_place 
 https://magic.wizards.com/en/articles/archive/mtgo-standings/legacy-challenge-2021-10-04#ziggy_stardust_st_place 
 https://magic.wizards.com/en/articles/archive/mtgo-standings/legacy-challenge-2021-10-04#kauffj_st_place 
 https://magic.wizards.com/en/articles/archive/mtgo-standings/legacy-preliminary-2021-09-25#mei_- 
","Pete Venters","",1,"Artifact","SOK",1.5,21.7,1
"97","Plague Engineer",11,4,17,29,58.6,38.9,76.5," 2 Curse   Stompy 
 1 Grixis Murktide 
 1 Unknown 
"," https://magic.wizards.com/en/articles/archive/mtgo-standings/legacy-challenge-2021-09-27#mcguirecj_th_place 
 https://magic.wizards.com/en/articles/archive/mtgo-standings/legacy-challenge-2021-09-27#thehamburglar_th_place 
 https://magic.wizards.com/en/articles/archive/mtgo-standings/legacy-challenge-2021-09-27#burrarun_th_place 
 https://magic.wizards.com/en/articles/archive/mtgo-standings/legacy-challenge-2021-09-27#momsbasementstreams_th_place 
","Nicholas Gregory","B",3,"Creature","MH1",1.1,5.8,2.8
"98","Portable Hole",6,2,10,13,76.9,46.2,95," 1 Conflict(Azorius Affinity,Artifacts   Blue) 
 1 Conflict(Karn   Echoes,Karn   Post) 
"," https://magic.wizards.com/en/articles/archive/mtgo-standings/legacy-challenge-2021-10-04#wambocombo_th_place 
 https://magic.wizards.com/en/articles/archive/mtgo-standings/legacy-challenge-2021-10-04#musasabi_th_place 
","John Stanko","W",1,"Artifact","AFR",0.6,2.9,3
"99","Prismatic Ending",17,13,56,83,67.5,56.3,77.4," 1 Conflict(Karn   Echoes,Karn   Post) 
 3 Jeskai Ragavan 
 3 Slow   Depths 
 6 Unknown 
"," https://magic.wizards.com/en/articles/archive/mtgo-standings/legacy-challenge-2021-09-27#ayeitsnick_th_place 
 https://magic.wizards.com/en/articles/archive/mtgo-standings/legacy-challenge-2021-09-27#thalai_th_place 
 https://magic.wizards.com/en/articles/archive/mtgo-standings/legacy-challenge-2021-09-27#martin_dominguez_th_place 
 https://magic.wizards.com/en/articles/archive/mtgo-standings/legacy-challenge-2021-09-27#methekaptain_th_place 
 https://magic.wizards.com/en/articles/archive/mtgo-standings/legacy-challenge-2021-09-27#altniccolo_st_place 
 https://magic.wizards.com/en/articles/archive/mtgo-standings/legacy-challenge-2021-10-04#wambocombo_th_place 
 https://magic.wizards.com/en/articles/archive/mtgo-standings/legacy-challenge-2021-10-04#martin_dominguez_th_place 
 https://magic.wizards.com/en/articles/archive/mtgo-standings/legacy-challenge-2021-10-04#patxi_th_place 
 https://magic.wizards.com/en/articles/archive/mtgo-standings/legacy-challenge-2021-10-04#cooluser_th_place 
 https://magic.wizards.com/en/articles/archive/mtgo-standings/legacy-challenge-2021-10-04#minem_th_place 
 https://magic.wizards.com/en/articles/archive/mtgo-standings/legacy-challenge-2021-10-04#oceansoul_th_place 
 https://magic.wizards.com/en/articles/archive/mtgo-standings/legacy-challenge-2021-10-04#ziggy_stardust_st_place 
 https://magic.wizards.com/en/articles/archive/mtgo-standings/legacy-preliminary-2021-09-25#maxbv_- 
","John Stanko","W",1,"Sorcery","MH2",1.6,18.8,1.3
"100","Progenitus",4,4,14,26,53.8,33.4,73.4," 4 Elves 
"," https://magic.wizards.com/en/articles/archive/mtgo-standings/legacy-challenge-2021-09-27#eronrelentless_th_place 
 https://magic.wizards.com/en/articles/archive/mtgo-standings/legacy-challenge-2021-09-27#lollerstank_th_place 
 https://magic.wizards.com/en/articles/archive/mtgo-standings/legacy-challenge-2021-10-04#shoetech_th_place 
 https://magic.wizards.com/en/articles/archive/mtgo-standings/legacy-challenge-2021-10-04#runkor_th_place 
","Jaime Jones","B,G,R,U,W",10,"Creature","CON",0.4,5.8,1
"101","Pyroblast",79,30,124,198,62.6,55.5,69.4," 1 Grixis Murktide 
 8 Izzet Delver 
 2 Izzet Murktide 
 3 Jeskai Ragavan 
 5 Lands 
 3 Sneak  &  Show 
 5 Unknown 
 3 WURG Control 
"," https://magic.wizards.com/en/articles/archive/mtgo-standings/legacy-challenge-2021-09-27#kentaro_hokori_nd_place 
 https://magic.wizards.com/en/articles/archive/mtgo-standings/legacy-challenge-2021-09-27#bullwinkkle_rd_place 
 https://magic.wizards.com/en/articles/archive/mtgo-standings/legacy-challenge-2021-09-27#ht_th_place 
 https://magic.wizards.com/en/articles/archive/mtgo-standings/legacy-challenge-2021-09-27#byvci_th_place 
 https://magic.wizards.com/en/articles/archive/mtgo-standings/legacy-challenge-2021-09-27#ayeitsnick_th_place 
 https://magic.wizards.com/en/articles/archive/mtgo-standings/legacy-challenge-2021-09-27#thalai_th_place 
 https://magic.wizards.com/en/articles/archive/mtgo-standings/legacy-challenge-2021-09-27#altniccolo_st_place 
 https://magic.wizards.com/en/articles/archive/mtgo-standings/legacy-challenge-2021-09-27#anzid_th_place 
 https://magic.wizards.com/en/articles/archive/mtgo-standings/legacy-challenge-2021-09-27#momsbasementstreams_th_place 
 https://magic.wizards.com/en/articles/archive/mtgo-standings/legacy-challenge-2021-09-27#musasabi_th_place 
 https://magic.wizards.com/en/articles/archive/mtgo-standings/legacy-challenge-2021-09-27#onionlotus_th_place 
 https://magic.wizards.com/en/articles/archive/mtgo-standings/legacy-challenge-2021-09-27#isthetim_st_place 
 https://magic.wizards.com/en/articles/archive/mtgo-standings/legacy-challenge-2021-09-27#billsive_nd_place 
 https://magic.wizards.com/en/articles/archive/mtgo-standings/legacy-challenge-2021-10-04#bullwinkkle_nd_place 
 https://magic.wizards.com/en/articles/archive/mtgo-standings/legacy-challenge-2021-10-04#anzid_rd_place 
 https://magic.wizards.com/en/articles/archive/mtgo-standings/legacy-challenge-2021-10-04#patxi_th_place 
 https://magic.wizards.com/en/articles/archive/mtgo-standings/legacy-challenge-2021-10-04#minem_th_place 
 https://magic.wizards.com/en/articles/archive/mtgo-standings/legacy-challenge-2021-10-04#kiyoaggro_th_place 
 https://magic.wizards.com/en/articles/archive/mtgo-standings/legacy-challenge-2021-10-04#oceansoul_th_place 
 https://magic.wizards.com/en/articles/archive/mtgo-standings/legacy-challenge-2021-10-04#dunkin_th_place 
 https://magic.wizards.com/en/articles/archive/mtgo-standings/legacy-challenge-2021-10-04#ziggy_stardust_st_place 
 https://magic.wizards.com/en/articles/archive/mtgo-standings/legacy-challenge-2021-10-04#snoopy-magic_nd_place 
 https://magic.wizards.com/en/articles/archive/mtgo-standings/legacy-challenge-2021-10-04#kentaro_hokori_rd_place 
 https://magic.wizards.com/en/articles/archive/mtgo-standings/legacy-challenge-2021-10-04#dgreen_th_place 
 https://magic.wizards.com/en/articles/archive/mtgo-standings/legacy-challenge-2021-10-04#albertosd_th_place 
 https://magic.wizards.com/en/articles/archive/mtgo-standings/legacy-challenge-2021-10-04#onionlotus_th_place 
 https://magic.wizards.com/en/articles/archive/mtgo-standings/legacy-challenge-2021-10-04#mortrd_th_place 
 https://magic.wizards.com/en/articles/archive/mtgo-standings/legacy-preliminary-2021-09-25#triosk_- 
 https://magic.wizards.com/en/articles/archive/mtgo-standings/legacy-preliminary-2021-09-25#windy_- 
 https://magic.wizards.com/en/articles/archive/mtgo-standings/legacy-preliminary-2021-09-25#isthetim_- 
","Kaja Foglio","R",1,"Instant","ICE",7.6,43.5,2.6
"102","Pyroclasm",2,1,4,6,66.7,22.3,95.7," 1 Jeskai Ragavan 
"," https://magic.wizards.com/en/articles/archive/mtgo-standings/legacy-challenge-2021-10-04#oceansoul_th_place 
","Pat Morrissey","R",2,"Sorcery","ICE",0.2,1.4,2
"103","Ragavan, Nimble Pilferer",4,2,8,13,61.5,31.6,86.1," 2 Sneak  &  Show 
"," https://magic.wizards.com/en/articles/archive/mtgo-standings/legacy-challenge-2021-09-27#musasabi_th_place 
 https://magic.wizards.com/en/articles/archive/mtgo-standings/legacy-challenge-2021-10-04#jpa_th_place 
","Simon Dominic","R",1,"Creature","MH2",0.4,2.9,2
"104","Ratchet Bomb",6,3,19,24,79.2,57.8,92.9," 3 Karn   Post 
"," https://magic.wizards.com/en/articles/archive/mtgo-standings/legacy-challenge-2021-09-27#funnyman_st_place 
 https://magic.wizards.com/en/articles/archive/mtgo-standings/legacy-challenge-2021-10-04#funnyman_th_place 
 https://magic.wizards.com/en/articles/archive/mtgo-standings/legacy-challenge-2021-10-04#blj_nd_place 
","Austin Hsu","",2,"Artifact","SOM",0.6,4.3,2
"105","Red Elemental Blast",26,22,94,147,63.9,55.6,71.7," 5 Izzet Delver 
 2 Izzet Murktide 
 1 Izzet Painter 
 2 Jeskai Ragavan 
 4 Lands 
 2 Sneak  &  Show 
 4 Unknown 
 2 WURG Control 
"," https://magic.wizards.com/en/articles/archive/mtgo-standings/legacy-challenge-2021-09-27#kentaro_hokori_nd_place 
 https://magic.wizards.com/en/articles/archive/mtgo-standings/legacy-challenge-2021-09-27#bullwinkkle_rd_place 
 https://magic.wizards.com/en/articles/archive/mtgo-standings/legacy-challenge-2021-09-27#ayeitsnick_th_place 
 https://magic.wizards.com/en/articles/archive/mtgo-standings/legacy-challenge-2021-09-27#thalai_th_place 
 https://magic.wizards.com/en/articles/archive/mtgo-standings/legacy-challenge-2021-09-27#altniccolo_st_place 
 https://magic.wizards.com/en/articles/archive/mtgo-standings/legacy-challenge-2021-09-27#anzid_th_place 
 https://magic.wizards.com/en/articles/archive/mtgo-standings/legacy-challenge-2021-09-27#onionlotus_th_place 
 https://magic.wizards.com/en/articles/archive/mtgo-standings/legacy-challenge-2021-09-27#isthetim_st_place 
 https://magic.wizards.com/en/articles/archive/mtgo-standings/legacy-challenge-2021-09-27#billsive_nd_place 
 https://magic.wizards.com/en/articles/archive/mtgo-standings/legacy-challenge-2021-10-04#bullwinkkle_nd_place 
 https://magic.wizards.com/en/articles/archive/mtgo-standings/legacy-challenge-2021-10-04#anzid_rd_place 
 https://magic.wizards.com/en/articles/archive/mtgo-standings/legacy-challenge-2021-10-04#patxi_th_place 
 https://magic.wizards.com/en/articles/archive/mtgo-standings/legacy-challenge-2021-10-04#minem_th_place 
 https://magic.wizards.com/en/articles/archive/mtgo-standings/legacy-challenge-2021-10-04#dunkin_th_place 
 https://magic.wizards.com/en/articles/archive/mtgo-standings/legacy-challenge-2021-10-04#jpa_th_place 
 https://magic.wizards.com/en/articles/archive/mtgo-standings/legacy-challenge-2021-10-04#ziggy_stardust_st_place 
 https://magic.wizards.com/en/articles/archive/mtgo-standings/legacy-challenge-2021-10-04#snoopy-magic_nd_place 
 https://magic.wizards.com/en/articles/archive/mtgo-standings/legacy-challenge-2021-10-04#kentaro_hokori_rd_place 
 https://magic.wizards.com/en/articles/archive/mtgo-standings/legacy-challenge-2021-10-04#albertosd_th_place 
 https://magic.wizards.com/en/articles/archive/mtgo-standings/legacy-challenge-2021-10-04#onionlotus_th_place 
 https://magic.wizards.com/en/articles/archive/mtgo-standings/legacy-preliminary-2021-09-25#mei_- 
 https://magic.wizards.com/en/articles/archive/mtgo-standings/legacy-preliminary-2021-09-25#isthetim_- 
","Richard Thomas","R",1,"Instant","LEA",2.5,31.9,1.2
"106","Rest in Peace",7,3,14,22,63.6,40.7,82.8," 3 Death  &  Taxes 
"," https://magic.wizards.com/en/articles/archive/mtgo-standings/legacy-challenge-2021-09-27#magic-michael_th_place 
 https://magic.wizards.com/en/articles/archive/mtgo-standings/legacy-challenge-2021-09-27#yoshiwata_th_place 
 https://magic.wizards.com/en/articles/archive/mtgo-standings/legacy-challenge-2021-09-27#koko_lopez_rd_place 
","Terese Nielsen","W",2,"Enchantment","RTR",0.7,4.3,2.3
"107","Retrofitter Foundry",1,1,7,9,77.8,40,97.2," 1 Izzet Murktide 
"," https://magic.wizards.com/en/articles/archive/mtgo-standings/legacy-challenge-2021-09-27#bullwinkkle_rd_place 
","Dmitry Burmak","",1,"Artifact","C18",0.1,1.4,1
"108","Return to Nature",1,1,5,8,62.5,24.5,91.5," 1 Simic Omnitell 
"," https://magic.wizards.com/en/articles/archive/mtgo-standings/legacy-challenge-2021-09-27#ziggy_stardust_th_place 
","Alayna Danner","G",2,"Instant","WAR",0.1,1.4,1
"109","Rite of Consumption",2,1,3,6,50,11.8,88.2," 1 Turbo   Depths 
"," https://magic.wizards.com/en/articles/archive/mtgo-standings/legacy-challenge-2021-10-04#lollerstank_th_place 
","Ron Spencer","B",2,"Sorcery","SHM",0.2,1.4,2
"110","Run Afoul",3,2,8,14,57.1,28.9,82.3," 2 Elves 
"," https://magic.wizards.com/en/articles/archive/mtgo-standings/legacy-challenge-2021-09-27#demonictutors_th_place 
 https://magic.wizards.com/en/articles/archive/mtgo-standings/legacy-challenge-2021-09-27#lollerstank_th_place 
","Cristi Balanescu","G",1,"Instant","M21",0.3,2.9,1.5
"111","Scavenging Ooze",1,1,4,7,57.1,18.4,90.1," 1 Unknown 
"," https://magic.wizards.com/en/articles/archive/mtgo-standings/legacy-challenge-2021-09-27#paucr_th_place 
","Austin Hsu","G",2,"Creature","CMD",0.1,1.4,1
"112","Serenity",10,3,15,21,71.4,47.8,88.7," 2 Tin   Fins   
 1 WUBR Reanimator 
"," https://magic.wizards.com/en/articles/archive/mtgo-standings/legacy-challenge-2021-09-27#medvedev_th_place 
 https://magic.wizards.com/en/articles/archive/mtgo-standings/legacy-challenge-2021-09-27#camus_th_place 
 https://magic.wizards.com/en/articles/archive/mtgo-standings/legacy-challenge-2021-10-04#medvedev_th_place 
","Cliff Nielsen","W",2,"Enchantment","WTH",1,4.3,3.3
"113","Shared Summons",1,1,5,8,62.5,24.5,91.5," 1 Simic Omnitell 
"," https://magic.wizards.com/en/articles/archive/mtgo-standings/legacy-challenge-2021-09-27#ziggy_stardust_th_place 
","Aaron Miller","G",5,"Instant","M20",0.1,1.4,1
"114","Shenanigans",3,3,15,21,71.4,47.8,88.7," 2 Tin   Fins   
 1 WUBR Reanimator 
"," https://magic.wizards.com/en/articles/archive/mtgo-standings/legacy-challenge-2021-09-27#medvedev_th_place 
 https://magic.wizards.com/en/articles/archive/mtgo-standings/legacy-challenge-2021-09-27#camus_th_place 
 https://magic.wizards.com/en/articles/archive/mtgo-standings/legacy-challenge-2021-10-04#medvedev_th_place 
","Lindsey Look","R",2,"Sorcery","MH1",0.3,4.3,1
"115","Show and Tell",2,1,5,7,71.4,29,96.3," 1 WUBR Reanimator 
"," https://magic.wizards.com/en/articles/archive/mtgo-standings/legacy-challenge-2021-09-27#camus_th_place 
","Jeff Laubenstein","U",3,"Sorcery","USG",0.2,1.4,2
"116","Silence",4,1,5,7,71.4,29,96.3," 1 WUBR Reanimator 
"," https://magic.wizards.com/en/articles/archive/mtgo-standings/legacy-challenge-2021-09-27#camus_th_place 
","Wayne Reynolds","W",1,"Instant","M10",0.4,1.4,4
"117","Snap",1,1,3,6,50,11.8,88.2," 1 High   Tide 
"," https://magic.wizards.com/en/articles/archive/mtgo-standings/legacy-challenge-2021-10-04#iwouldliketorespond_th_place 
","Mike Raabe","U",2,"Instant","ULG",0.1,1.4,1
"118","Sorcerous Spyglass",6,3,19,24,79.2,57.8,92.9," 3 Karn   Post 
"," https://magic.wizards.com/en/articles/archive/mtgo-standings/legacy-challenge-2021-09-27#funnyman_st_place 
 https://magic.wizards.com/en/articles/archive/mtgo-standings/legacy-challenge-2021-10-04#funnyman_th_place 
 https://magic.wizards.com/en/articles/archive/mtgo-standings/legacy-challenge-2021-10-04#blj_nd_place 
","Kieran Yanner","",2,"Artifact","XLN",0.6,4.3,2
"119","Soul-Guide Lantern",3,3,11,19,57.9,33.5,79.7," 1 Artifacts   Blue 
 2 Unknown 
"," https://magic.wizards.com/en/articles/archive/mtgo-standings/legacy-challenge-2021-09-27#ayeitsnick_th_place 
 https://magic.wizards.com/en/articles/archive/mtgo-standings/legacy-challenge-2021-10-04#ziggy_stardust_st_place 
 https://magic.wizards.com/en/articles/archive/mtgo-standings/legacy-challenge-2021-10-04#kauffj_st_place 
","Cliff Childs","",1,"Artifact","THB",0.3,4.3,1
"120","Spatial Contortion",6,3,19,24,79.2,57.8,92.9," 3 Karn   Post 
"," https://magic.wizards.com/en/articles/archive/mtgo-standings/legacy-challenge-2021-09-27#funnyman_st_place 
 https://magic.wizards.com/en/articles/archive/mtgo-standings/legacy-challenge-2021-10-04#funnyman_th_place 
 https://magic.wizards.com/en/articles/archive/mtgo-standings/legacy-challenge-2021-10-04#blj_nd_place 
","Daarken","",2,"Instant","OGW",0.6,4.3,2
"121","Spell Pierce",1,1,4,6,66.7,22.3,95.7," 1 Unknown 
"," https://magic.wizards.com/en/articles/archive/mtgo-standings/legacy-challenge-2021-10-04#cooluser_th_place 
","Vance Kovacs","U",1,"Instant","ZEN",0.1,1.4,1
"122","Sphere of Annihilation",2,2,9,15,60,32.3,83.7," 2 Curse   Stompy 
"," https://magic.wizards.com/en/articles/archive/mtgo-standings/legacy-challenge-2021-09-27#mcguirecj_th_place 
 https://magic.wizards.com/en/articles/archive/mtgo-standings/legacy-challenge-2021-09-27#burrarun_th_place 
","Jason Felix","B",1,"Artifact","AFR",0.2,2.9,1
"123","Sphere of Resistance",20,5,16,30,53.3,34.3,71.7," 5 Lands 
"," https://magic.wizards.com/en/articles/archive/mtgo-standings/legacy-challenge-2021-09-27#onionlotus_th_place 
 https://magic.wizards.com/en/articles/archive/mtgo-standings/legacy-challenge-2021-09-27#isthetim_st_place 
 https://magic.wizards.com/en/articles/archive/mtgo-standings/legacy-challenge-2021-10-04#dgreen_th_place 
 https://magic.wizards.com/en/articles/archive/mtgo-standings/legacy-challenge-2021-10-04#onionlotus_th_place 
 https://magic.wizards.com/en/articles/archive/mtgo-standings/legacy-preliminary-2021-09-25#isthetim_- 
","Doug Chaffee","",2,"Artifact","EXO",1.9,7.2,4
"124","Sublime Epiphany",1,1,5,8,62.5,24.5,91.5," 1 Simic Omnitell 
"," https://magic.wizards.com/en/articles/archive/mtgo-standings/legacy-challenge-2021-09-27#ziggy_stardust_th_place 
","Lindsey Look","U",6,"Instant","M21",0.1,1.4,1
"125","Submerge",7,7,29,45,64.4,48.8,78.1," 1 Grixis Murktide 
 6 Izzet Delver 
"," https://magic.wizards.com/en/articles/archive/mtgo-standings/legacy-challenge-2021-09-27#kentaro_hokori_nd_place 
 https://magic.wizards.com/en/articles/archive/mtgo-standings/legacy-challenge-2021-09-27#momsbasementstreams_th_place 
 https://magic.wizards.com/en/articles/archive/mtgo-standings/legacy-challenge-2021-10-04#kiyoaggro_th_place 
 https://magic.wizards.com/en/articles/archive/mtgo-standings/legacy-challenge-2021-10-04#dunkin_th_place 
 https://magic.wizards.com/en/articles/archive/mtgo-standings/legacy-challenge-2021-10-04#kentaro_hokori_rd_place 
 https://magic.wizards.com/en/articles/archive/mtgo-standings/legacy-challenge-2021-10-04#albertosd_th_place 
 https://magic.wizards.com/en/articles/archive/mtgo-standings/legacy-preliminary-2021-09-25#triosk_- 
","Mark Romanoski","U",5,"Instant","NEM",0.7,10.1,1
"126","Sulfur Elemental",1,1,7,9,77.8,40,97.2," 1 Mono Red Red   Prison 
"," https://magic.wizards.com/en/articles/archive/mtgo-standings/legacy-challenge-2021-10-04#supercow_st_place 
","Dave Kendall","R",3,"Creature","PLC",0.1,1.4,1
"127","Surgical Extraction",42,22,89,142,62.7,54.2,70.6," 1 Artifacts   Blue 
 1 Conflict(Azorius Affinity,Artifacts   Blue) 
 2 Death  &  Taxes 
 1 Grixis Murktide 
 8 Izzet Delver 
 1 Izzet Painter 
 2 Jeskai Ragavan 
 1 Simic Omnitell 
 3 Sneak  &  Show 
 2 Unknown 
"," https://magic.wizards.com/en/articles/archive/mtgo-standings/legacy-challenge-2021-09-27#kentaro_hokori_nd_place 
 https://magic.wizards.com/en/articles/archive/mtgo-standings/legacy-challenge-2021-09-27#ht_th_place 
 https://magic.wizards.com/en/articles/archive/mtgo-standings/legacy-challenge-2021-09-27#magic-michael_th_place 
 https://magic.wizards.com/en/articles/archive/mtgo-standings/legacy-challenge-2021-09-27#ziggy_stardust_th_place 
 https://magic.wizards.com/en/articles/archive/mtgo-standings/legacy-challenge-2021-09-27#yoshiwata_th_place 
 https://magic.wizards.com/en/articles/archive/mtgo-standings/legacy-challenge-2021-09-27#paucr_th_place 
 https://magic.wizards.com/en/articles/archive/mtgo-standings/legacy-challenge-2021-09-27#thehamburglar_th_place 
 https://magic.wizards.com/en/articles/archive/mtgo-standings/legacy-challenge-2021-09-27#altniccolo_st_place 
 https://magic.wizards.com/en/articles/archive/mtgo-standings/legacy-challenge-2021-09-27#momsbasementstreams_th_place 
 https://magic.wizards.com/en/articles/archive/mtgo-standings/legacy-challenge-2021-09-27#billsive_nd_place 
 https://magic.wizards.com/en/articles/archive/mtgo-standings/legacy-challenge-2021-10-04#musasabi_th_place 
 https://magic.wizards.com/en/articles/archive/mtgo-standings/legacy-challenge-2021-10-04#kiyoaggro_th_place 
 https://magic.wizards.com/en/articles/archive/mtgo-standings/legacy-challenge-2021-10-04#oceansoul_th_place 
 https://magic.wizards.com/en/articles/archive/mtgo-standings/legacy-challenge-2021-10-04#dunkin_th_place 
 https://magic.wizards.com/en/articles/archive/mtgo-standings/legacy-challenge-2021-10-04#jpa_th_place 
 https://magic.wizards.com/en/articles/archive/mtgo-standings/legacy-challenge-2021-10-04#snoopy-magic_nd_place 
 https://magic.wizards.com/en/articles/archive/mtgo-standings/legacy-challenge-2021-10-04#kentaro_hokori_rd_place 
 https://magic.wizards.com/en/articles/archive/mtgo-standings/legacy-challenge-2021-10-04#albertosd_th_place 
 https://magic.wizards.com/en/articles/archive/mtgo-standings/legacy-challenge-2021-10-04#kauffj_st_place 
 https://magic.wizards.com/en/articles/archive/mtgo-standings/legacy-preliminary-2021-09-25#mei_- 
 https://magic.wizards.com/en/articles/archive/mtgo-standings/legacy-preliminary-2021-09-25#triosk_- 
 https://magic.wizards.com/en/articles/archive/mtgo-standings/legacy-preliminary-2021-09-25#windy_- 
","Steven Belledin","B",1,"Instant","NPH",4.1,31.9,1.9
"128","Swords to Plowshares",3,2,9,13,69.2,38.6,90.9," 1 Conflict(Azorius Affinity,Artifacts   Blue) 
 1 Unknown 
"," https://magic.wizards.com/en/articles/archive/mtgo-standings/legacy-challenge-2021-09-27#byvci_th_place 
 https://magic.wizards.com/en/articles/archive/mtgo-standings/legacy-challenge-2021-10-04#musasabi_th_place 
","Jeff A. Menges","W",1,"Instant","LEA",0.3,2.9,1.5
"129","Sylvan Library",3,3,10,18,55.6,30.8,78.5," 1 Turbo   Depths 
 1 Unknown 
 1 WURG Control 
"," https://magic.wizards.com/en/articles/archive/mtgo-standings/legacy-challenge-2021-10-04#cooluser_th_place 
 https://magic.wizards.com/en/articles/archive/mtgo-standings/legacy-challenge-2021-10-04#mortrd_th_place 
 https://magic.wizards.com/en/articles/archive/mtgo-standings/legacy-challenge-2021-10-04#lollerstank_th_place 
","Harold McNeill","G",2,"Enchantment","LEG",0.3,4.3,1
"130","Teferi's Realm",2,1,3,6,50,11.8,88.2," 1 High   Tide 
"," https://magic.wizards.com/en/articles/archive/mtgo-standings/legacy-challenge-2021-10-04#iwouldliketorespond_th_place 
","Alan Rabinowitz","U",3,"Enchantment","VIS",0.2,1.4,2
"131","Tendrils of Agony",1,1,4,7,57.1,18.4,90.1," 1 Unknown 
"," https://magic.wizards.com/en/articles/archive/mtgo-standings/legacy-challenge-2021-09-27#methekaptain_th_place 
","Pete Venters","B",4,"Sorcery","SCG",0.1,1.4,1
"132","Terminus",4,3,12,20,60,36.1,80.9," 1 Bant Control 
 2 WURG Control 
"," https://magic.wizards.com/en/articles/archive/mtgo-standings/legacy-challenge-2021-09-27#anzid_th_place 
 https://magic.wizards.com/en/articles/archive/mtgo-standings/legacy-challenge-2021-10-04#boucha_th_place 
 https://magic.wizards.com/en/articles/archive/mtgo-standings/legacy-challenge-2021-10-04#mortrd_th_place 
","James Paick","W",6,"Sorcery","AVR",0.4,4.3,1.3
"133","Thalia, Guardian of Thraben",1,1,3,4,75,19.4,99.4," 1 Slow   Depths 
"," https://magic.wizards.com/en/articles/archive/mtgo-standings/legacy-preliminary-2021-09-25#maxbv_- 
","Jana Schirmer & Johannes Voss","W",2,"Creature","DKA",0.1,1.4,1
"134","Thassa's Oracle",2,2,10,15,66.7,38.4,88.2," 2 Unknown 
"," https://magic.wizards.com/en/articles/archive/mtgo-standings/legacy-challenge-2021-09-27#wonderpreaux_th_place 
 https://magic.wizards.com/en/articles/archive/mtgo-standings/legacy-challenge-2021-10-04#wonderpreaux_th_place 
","Jesper Ejsing","U",2,"Creature","THB",0.2,2.9,1
"135","Thorn of Amethyst",5,2,8,13,61.5,31.6,86.1," 1 Conflict(Azorius Affinity,Artifacts   Blue) 
 1 Lands 
"," https://magic.wizards.com/en/articles/archive/mtgo-standings/legacy-challenge-2021-09-27#onionlotus_th_place 
 https://magic.wizards.com/en/articles/archive/mtgo-standings/legacy-challenge-2021-10-04#musasabi_th_place 
","Chuck Lukacs","",2,"Artifact","LRW",0.5,2.9,2.5
"136","Thoughtseize",26,8,33,54,61.1,46.9,74.1," 5 Elves 
 2 Tin   Fins   
 1 Unknown 
"," https://magic.wizards.com/en/articles/archive/mtgo-standings/legacy-challenge-2021-09-27#medvedev_th_place 
 https://magic.wizards.com/en/articles/archive/mtgo-standings/legacy-challenge-2021-09-27#demonictutors_th_place 
 https://magic.wizards.com/en/articles/archive/mtgo-standings/legacy-challenge-2021-09-27#eronrelentless_th_place 
 https://magic.wizards.com/en/articles/archive/mtgo-standings/legacy-challenge-2021-09-27#thehamburglar_th_place 
 https://magic.wizards.com/en/articles/archive/mtgo-standings/legacy-challenge-2021-09-27#lollerstank_th_place 
 https://magic.wizards.com/en/articles/archive/mtgo-standings/legacy-challenge-2021-10-04#medvedev_th_place 
 https://magic.wizards.com/en/articles/archive/mtgo-standings/legacy-challenge-2021-10-04#shoetech_th_place 
 https://magic.wizards.com/en/articles/archive/mtgo-standings/legacy-challenge-2021-10-04#runkor_th_place 
","Aleksi Briclot","B",1,"Sorcery","LRW",2.5,11.6,3.2
"137","Thran Foundry",1,1,5,8,62.5,24.5,91.5," 1 Curse   Stompy 
"," https://magic.wizards.com/en/articles/archive/mtgo-standings/legacy-challenge-2021-09-27#mcguirecj_th_place 
","John Zeleznik","",1,"Artifact","UDS",0.1,1.4,1
"138","Tormod's Crypt",6,6,34,46,73.9,58.9,85.7," 1 Conflict(Karn   Echoes,Karn   Post) 
 2 Curse   Stompy 
 3 Karn   Post 
"," https://magic.wizards.com/en/articles/archive/mtgo-standings/legacy-challenge-2021-09-27#funnyman_st_place 
 https://magic.wizards.com/en/articles/archive/mtgo-standings/legacy-challenge-2021-09-27#mcguirecj_th_place 
 https://magic.wizards.com/en/articles/archive/mtgo-standings/legacy-challenge-2021-09-27#burrarun_th_place 
 https://magic.wizards.com/en/articles/archive/mtgo-standings/legacy-challenge-2021-10-04#funnyman_th_place 
 https://magic.wizards.com/en/articles/archive/mtgo-standings/legacy-challenge-2021-10-04#wambocombo_th_place 
 https://magic.wizards.com/en/articles/archive/mtgo-standings/legacy-challenge-2021-10-04#blj_nd_place 
","Christopher Rush","",0,"Artifact","DRK",0.6,8.7,1
"139","Torpor Orb",18,14,63,95,66.3,55.9,75.7," 1 Artifacts   Blue 
 1 Bant Control 
 2 Curse   Stompy 
 2 Izzet Murktide 
 1 Izzet Painter 
 2 Jeskai Ragavan 
 1 Lands 
 4 Unknown 
"," https://magic.wizards.com/en/articles/archive/mtgo-standings/legacy-challenge-2021-09-27#bullwinkkle_rd_place 
 https://magic.wizards.com/en/articles/archive/mtgo-standings/legacy-challenge-2021-09-27#mcguirecj_th_place 
 https://magic.wizards.com/en/articles/archive/mtgo-standings/legacy-challenge-2021-09-27#ayeitsnick_th_place 
 https://magic.wizards.com/en/articles/archive/mtgo-standings/legacy-challenge-2021-09-27#thalai_th_place 
 https://magic.wizards.com/en/articles/archive/mtgo-standings/legacy-challenge-2021-09-27#altniccolo_st_place 
 https://magic.wizards.com/en/articles/archive/mtgo-standings/legacy-challenge-2021-09-27#burrarun_th_place 
 https://magic.wizards.com/en/articles/archive/mtgo-standings/legacy-challenge-2021-10-04#bullwinkkle_nd_place 
 https://magic.wizards.com/en/articles/archive/mtgo-standings/legacy-challenge-2021-10-04#boucha_th_place 
 https://magic.wizards.com/en/articles/archive/mtgo-standings/legacy-challenge-2021-10-04#patxi_th_place 
 https://magic.wizards.com/en/articles/archive/mtgo-standings/legacy-challenge-2021-10-04#minem_th_place 
 https://magic.wizards.com/en/articles/archive/mtgo-standings/legacy-challenge-2021-10-04#ziggy_stardust_st_place 
 https://magic.wizards.com/en/articles/archive/mtgo-standings/legacy-challenge-2021-10-04#onionlotus_th_place 
 https://magic.wizards.com/en/articles/archive/mtgo-standings/legacy-challenge-2021-10-04#kauffj_st_place 
 https://magic.wizards.com/en/articles/archive/mtgo-standings/legacy-preliminary-2021-09-25#mei_- 
","Svetlin Velinov","",2,"Artifact","NPH",1.7,20.3,1.3
"140","Trickbind",1,1,3,6,50,11.8,88.2," 1 Sneak  &  Show 
"," https://magic.wizards.com/en/articles/archive/mtgo-standings/legacy-challenge-2021-10-04#snoopy-magic_nd_place 
","John Zeleznik","U",2,"Instant","TSP",0.1,1.4,1
"141","Trinisphere",1,1,7,9,77.8,40,97.2," 1 Mono Red Red   Prison 
"," https://magic.wizards.com/en/articles/archive/mtgo-standings/legacy-challenge-2021-10-04#supercow_st_place 
","Tim Hildebrandt","",3,"Artifact","DST",0.1,1.4,1
"142","True-Name Nemesis",10,5,21,32,65.6,46.8,81.4," 5 Izzet Delver 
"," https://magic.wizards.com/en/articles/archive/mtgo-standings/legacy-challenge-2021-09-27#kentaro_hokori_nd_place 
 https://magic.wizards.com/en/articles/archive/mtgo-standings/legacy-challenge-2021-10-04#kiyoaggro_th_place 
 https://magic.wizards.com/en/articles/archive/mtgo-standings/legacy-challenge-2021-10-04#kentaro_hokori_rd_place 
 https://magic.wizards.com/en/articles/archive/mtgo-standings/legacy-challenge-2021-10-04#albertosd_th_place 
 https://magic.wizards.com/en/articles/archive/mtgo-standings/legacy-preliminary-2021-09-25#triosk_- 
","Zack Stella","U",3,"Creature","C13",1,7.2,2
"143","Turnabout",1,1,3,6,50,11.8,88.2," 1 High   Tide 
"," https://magic.wizards.com/en/articles/archive/mtgo-standings/legacy-challenge-2021-10-04#iwouldliketorespond_th_place 
","Heather Hudson","U",4,"Instant","USG",0.1,1.4,1
"144","Unholy Heat",2,2,12,17,70.6,44,89.7," 1 Izzet Murktide 
 1 Sneak  &  Show 
"," https://magic.wizards.com/en/articles/archive/mtgo-standings/legacy-challenge-2021-09-27#ht_th_place 
 https://magic.wizards.com/en/articles/archive/mtgo-standings/legacy-challenge-2021-10-04#bullwinkkle_nd_place 
","Kari Christensen","R",1,"Instant","MH2",0.2,2.9,1
"145","Veil of Summer",7,4,18,28,64.3,44.1,81.4," 1 Bant Control 
 1 Sneak  &  Show 
 2 Unknown 
"," https://magic.wizards.com/en/articles/archive/mtgo-standings/legacy-challenge-2021-09-27#ht_th_place 
 https://magic.wizards.com/en/articles/archive/mtgo-standings/legacy-challenge-2021-09-27#paucr_th_place 
 https://magic.wizards.com/en/articles/archive/mtgo-standings/legacy-challenge-2021-10-04#boucha_th_place 
 https://magic.wizards.com/en/articles/archive/mtgo-standings/legacy-challenge-2021-10-04#cooluser_th_place 
","Lake Hurwitz","G",1,"Instant","M20",0.7,5.8,1.8
"146","Walking Ballista",4,4,25,31,80.6,62.5,92.5," 1 Conflict(Karn   Echoes,Karn   Post) 
 3 Karn   Post 
"," https://magic.wizards.com/en/articles/archive/mtgo-standings/legacy-challenge-2021-09-27#funnyman_st_place 
 https://magic.wizards.com/en/articles/archive/mtgo-standings/legacy-challenge-2021-10-04#funnyman_th_place 
 https://magic.wizards.com/en/articles/archive/mtgo-standings/legacy-challenge-2021-10-04#wambocombo_th_place 
 https://magic.wizards.com/en/articles/archive/mtgo-standings/legacy-challenge-2021-10-04#blj_nd_place 
","Daniel Ljunggren","",0,"Artifact,Creature","AER",0.4,5.8,1
"147","Warping Wail",3,3,19,24,79.2,57.8,92.9," 3 Karn   Post 
"," https://magic.wizards.com/en/articles/archive/mtgo-standings/legacy-challenge-2021-09-27#funnyman_st_place 
 https://magic.wizards.com/en/articles/archive/mtgo-standings/legacy-challenge-2021-10-04#funnyman_th_place 
 https://magic.wizards.com/en/articles/archive/mtgo-standings/legacy-challenge-2021-10-04#blj_nd_place 
","Jason Felix","",2,"Instant","OGW",0.3,4.3,1
"148","Wear // Tear",6,3,15,21,71.4,47.8,88.7," 2 Tin   Fins   
 1 WUBR Reanimator 
"," https://magic.wizards.com/en/articles/archive/mtgo-standings/legacy-challenge-2021-09-27#medvedev_th_place 
 https://magic.wizards.com/en/articles/archive/mtgo-standings/legacy-challenge-2021-09-27#camus_th_place 
 https://magic.wizards.com/en/articles/archive/mtgo-standings/legacy-challenge-2021-10-04#medvedev_th_place 
","Ryan Pancoast","R",3,"Instant","DGM",0.6,4.3,2
"149","Wipe Away",2,2,10,15,66.7,38.4,88.2," 2 Unknown 
"," https://magic.wizards.com/en/articles/archive/mtgo-standings/legacy-challenge-2021-09-27#wonderpreaux_th_place 
 https://magic.wizards.com/en/articles/archive/mtgo-standings/legacy-challenge-2021-10-04#wonderpreaux_th_place 
","Jeff Miracola","U",3,"Instant","TSP",0.2,2.9,1
"150","Yorion, Sky Nomad",2,2,9,14,64.3,35.1,87.2," 2 Death  &  Taxes 
"," https://magic.wizards.com/en/articles/archive/mtgo-standings/legacy-challenge-2021-09-27#yoshiwata_th_place 
 https://magic.wizards.com/en/articles/archive/mtgo-standings/legacy-challenge-2021-09-27#koko_lopez_rd_place 
","Steven Belledin","U,W",5,"Creature","IKO",0.2,2.9,1
