"","PlayerS","NAppearances","TotalMatches","WinrateAverage","Winrate95Min","Winrate95Max","TotalPoints","ArchetypeNames","ArchetypeCounts","URL"
"1","HappySandwich",8,49,0.755102040816326,0.611304085311566,0.866571289157706,111,"Hammer Time","8","https://magic.wizards.com/en/articles/archive/mtgo-standings/modern-challenge-2022-04-18#happysandwich_th_place; https://magic.wizards.com/en/articles/archive/mtgo-standings/modern-challenge-2022-04-24#happysandwich_th_place; https://magic.wizards.com/en/articles/archive/mtgo-standings/modern-challenge-2022-04-25#happysandwich_th_place; https://magic.wizards.com/en/articles/archive/mtgo-standings/modern-challenge-2022-05-02#happysandwich_th_place; https://magic.wizards.com/en/articles/archive/mtgo-standings/modern-challenge-2022-05-09#happysandwich_th_place; https://magic.wizards.com/en/articles/archive/mtgo-standings/modern-preliminary-2022-04-14#happysandwich_-; https://magic.wizards.com/en/articles/archive/mtgo-standings/modern-preliminary-2022-04-21#happysandwich_-; https://magic.wizards.com/en/articles/archive/mtgo-standings/modern-preliminary-2022-04-22#happysandwich_-"
"2","CrusherBotBG",7,41,0.682926829268293,0.519133613161076,0.819150603091716,84,"Hammer Time","7","https://magic.wizards.com/en/articles/archive/mtgo-standings/modern-challenge-2022-04-18#crusherbotbg_st_place; https://magic.wizards.com/en/articles/archive/mtgo-standings/modern-challenge-2022-04-25#crusherbotbg_nd_place; https://magic.wizards.com/en/articles/archive/mtgo-standings/modern-challenge-2022-05-01#crusherbotbg_th_place; https://magic.wizards.com/en/articles/archive/mtgo-standings/modern-challenge-2022-05-02#crusherbotbg_th_place; https://magic.wizards.com/en/articles/archive/mtgo-standings/modern-preliminary-2022-04-29#crusherbotbg_-; https://magic.wizards.com/en/articles/archive/mtgo-standings/modern-preliminary-2022-05-03#crusherbotbg_-; https://magic.wizards.com/en/articles/archive/mtgo-standings/modern-preliminary-2022-05-07#crusherbotbg_-"
"3","WaToO",5,33,0.757575757575758,0.577410682288298,0.88907670044116,75,"Jeskai Control; Azorius Control; Esper Control","3; 1; 1","https://magic.wizards.com/en/articles/archive/mtgo-standings/modern-challenge-2022-04-18#watoo_th_place; https://magic.wizards.com/en/articles/archive/mtgo-standings/modern-challenge-2022-04-25#watoo_th_place; https://magic.wizards.com/en/articles/archive/mtgo-standings/modern-showcase-challenge-2022-05-08#watoo_th_place; https://magic.wizards.com/en/articles/archive/mtgo-standings/modern-preliminary-2022-04-26#watoo_-; https://magic.wizards.com/en/articles/archive/mtgo-standings/modern-preliminary-2022-05-03#watoo_-"
"4","DemonicTutors",5,30,0.766666666666667,0.577163477021781,0.90066213504198,69,"Yawgmoth","5","https://magic.wizards.com/en/articles/archive/mtgo-standings/modern-challenge-2022-04-25#demonictutors_st_place; https://magic.wizards.com/en/articles/archive/mtgo-standings/modern-showcase-challenge-2022-05-08#demonictutors_th_place; https://magic.wizards.com/en/articles/archive/mtgo-standings/modern-preliminary-2022-04-19#demonictutors_-; https://magic.wizards.com/en/articles/archive/mtgo-standings/modern-preliminary-2022-04-22#demonictutors_-; https://magic.wizards.com/en/articles/archive/mtgo-standings/modern-preliminary-2022-05-06#demonictutors_-"
"5","ScreenwriterNY",3,27,0.777777777777778,0.577416939955621,0.913783060052433,63,"Blue Living End","3","https://magic.wizards.com/en/articles/archive/mtgo-standings/modern-challenge-2022-04-17#screenwriterny_nd_place; https://magic.wizards.com/en/articles/archive/mtgo-standings/modern-challenge-2022-05-01#screenwriterny_th_place; https://magic.wizards.com/en/articles/archive/mtgo-standings/modern-challenge-2022-05-09#screenwriterny_rd_place"
"6","RespectTheCat",3,26,0.807692307692308,0.606494472060678,0.934451891263217,63,"Omnath Control","3","https://magic.wizards.com/en/articles/archive/mtgo-standings/modern-challenge-2022-04-17#respectthecat_rd_place; https://magic.wizards.com/en/articles/archive/mtgo-standings/modern-challenge-2022-05-02#respectthecat_st_place; https://magic.wizards.com/en/articles/archive/mtgo-standings/modern-showcase-challenge-2022-05-08#respectthecat_th_place"
"7","sokos13",3,25,0.76,0.548711982183314,0.906435560668257,57,"Izzet Murktide","3","https://magic.wizards.com/en/articles/archive/mtgo-standings/modern-challenge-2022-04-18#sokos_th_place; https://magic.wizards.com/en/articles/archive/mtgo-standings/modern-challenge-2022-05-02#sokos_th_place; https://magic.wizards.com/en/articles/archive/mtgo-standings/modern-challenge-2022-05-09#sokos_nd_place"
"8","Rvng",3,24,0.791666666666667,0.578487156362747,0.928681382801945,57,"Blue Living End","3","https://magic.wizards.com/en/articles/archive/mtgo-standings/modern-challenge-2022-04-24#rvng_th_place; https://magic.wizards.com/en/articles/archive/mtgo-standings/modern-challenge-2022-05-02#rvng_th_place; https://magic.wizards.com/en/articles/archive/mtgo-standings/modern-showcase-challenge-2022-05-08#rvng_th_place"
"9","Xerk",3,24,0.708333333333333,0.489052186142167,0.873847911476309,51,"Yawgmoth","3","https://magic.wizards.com/en/articles/archive/mtgo-standings/modern-challenge-2022-04-17#xerk_th_place; https://magic.wizards.com/en/articles/archive/mtgo-standings/modern-challenge-2022-05-01#xerk_th_place; https://magic.wizards.com/en/articles/archive/mtgo-standings/modern-challenge-2022-05-02#xerk_th_place"
"10","THE_RAKE",4,23,0.739130434782609,0.515948029597562,0.897713866084642,51,"Elementals","4","https://magic.wizards.com/en/articles/archive/mtgo-standings/modern-challenge-2022-04-18#the_rake_th_place; https://magic.wizards.com/en/articles/archive/mtgo-standings/modern-showcase-challenge-2022-05-08#the_rake_th_place; https://magic.wizards.com/en/articles/archive/mtgo-standings/modern-preliminary-2022-04-19#the_rake_-; https://magic.wizards.com/en/articles/archive/mtgo-standings/modern-preliminary-2022-04-21#the_rake_-"
"11","YungDingo",4,28,0.607142857142857,0.405768206487563,0.784957170839039,51,"Grixis Control; Rakdos Midrange; Izzet Control","1; 2; 1","https://magic.wizards.com/en/articles/archive/mtgo-standings/modern-challenge-2022-04-25#yungdingo_th_place; https://magic.wizards.com/en/articles/archive/mtgo-standings/modern-challenge-2022-05-01#yungdingo_th_place; https://magic.wizards.com/en/articles/archive/mtgo-standings/modern-challenge-2022-05-02#yungdingo_nd_place; https://magic.wizards.com/en/articles/archive/mtgo-standings/modern-challenge-2022-05-09#yungdingo_nd_place"
"12","O_danielakos",3,23,0.739130434782609,0.515948029597562,0.897713866084642,51,"Izzet Murktide","3","https://magic.wizards.com/en/articles/archive/mtgo-standings/modern-challenge-2022-05-01#o_danielakos_th_place; https://magic.wizards.com/en/articles/archive/mtgo-standings/modern-challenge-2022-05-02#o_danielakos_th_place; https://magic.wizards.com/en/articles/archive/mtgo-standings/modern-challenge-2022-05-09#o_danielakos_th_place"
"13","twinlesstwin",5,23,0.739130434782609,0.515948029597562,0.897713866084642,51,"Izzet Murktide","5","https://magic.wizards.com/en/articles/archive/mtgo-standings/modern-challenge-2022-05-09#twinlesstwin_th_place; https://magic.wizards.com/en/articles/archive/mtgo-standings/modern-preliminary-2022-04-19#twinlesstwin_-; https://magic.wizards.com/en/articles/archive/mtgo-standings/modern-preliminary-2022-04-21#twinlesstwin_-; https://magic.wizards.com/en/articles/archive/mtgo-standings/modern-preliminary-2022-04-23#twinlesstwin_-; https://magic.wizards.com/en/articles/archive/mtgo-standings/modern-preliminary-2022-05-05#twinlesstwin_-"
"14","bjarnearne",3,23,0.695652173913043,0.470808333991493,0.8678971203019,48,"Blue Living End","3","https://magic.wizards.com/en/articles/archive/mtgo-standings/modern-challenge-2022-04-17#bjarnearne_th_place; https://magic.wizards.com/en/articles/archive/mtgo-standings/modern-challenge-2022-04-18#bjarnearne_th_place; https://magic.wizards.com/en/articles/archive/mtgo-standings/modern-challenge-2022-04-25#bjarnearne_th_place"
"15","Bob49",3,22,0.727272727272727,0.497778798733651,0.892710751629603,48,"Azorius Blink; Belcher; Calibrated Blast","1; 1; 1","https://magic.wizards.com/en/articles/archive/mtgo-standings/modern-challenge-2022-04-18#bob_th_place; https://magic.wizards.com/en/articles/archive/mtgo-standings/modern-challenge-2022-04-25#bob_th_place; https://magic.wizards.com/en/articles/archive/mtgo-standings/modern-challenge-2022-05-02#bob_th_place"
"16","Treyhunter",2,18,0.833333333333333,0.585822508605226,0.964214916878425,45,"Omnath Scapeshift","2","https://magic.wizards.com/en/articles/archive/mtgo-standings/modern-challenge-2022-04-17#treyhunter_st_place; https://magic.wizards.com/en/articles/archive/mtgo-standings/modern-challenge-2022-04-24#treyhunter_th_place"
"17","ccarlson32",3,18,0.833333333333333,0.585822508605226,0.964214916878425,45,"Amulet Titan","3","https://magic.wizards.com/en/articles/archive/mtgo-standings/modern-challenge-2022-05-01#ccarlson_nd_place; https://magic.wizards.com/en/articles/archive/mtgo-standings/modern-preliminary-2022-04-28#ccarlson_-; https://magic.wizards.com/en/articles/archive/mtgo-standings/modern-preliminary-2022-05-05#ccarlson_-"
"18","maxxattack",4,19,0.789473684210526,0.544346918108494,0.93947546229071,45,"Mono Red Prowess; Hammer Time","2; 2","https://magic.wizards.com/en/articles/archive/mtgo-standings/modern-challenge-2022-05-01#maxxattack_th_place; https://magic.wizards.com/en/articles/archive/mtgo-standings/modern-preliminary-2022-04-14#maxxattack_-; https://magic.wizards.com/en/articles/archive/mtgo-standings/modern-preliminary-2022-04-15#maxxattack_-; https://magic.wizards.com/en/articles/archive/mtgo-standings/modern-preliminary-2022-04-30#maxxattack_-"
"19","scipios",3,22,0.636363636363636,0.406576668825647,0.828020562353668,42,"Temur Footfalls","3","https://magic.wizards.com/en/articles/archive/mtgo-standings/modern-challenge-2022-04-17#scipios_nd_place; https://magic.wizards.com/en/articles/archive/mtgo-standings/modern-challenge-2022-04-18#scipios_th_place; https://magic.wizards.com/en/articles/archive/mtgo-standings/modern-challenge-2022-05-01#scipios_st_place"
"20","swff",2,17,0.823529411764706,0.565682127155716,0.962014931929374,42,"Izzet Murktide","2","https://magic.wizards.com/en/articles/archive/mtgo-standings/modern-challenge-2022-04-18#swff_st_place; https://magic.wizards.com/en/articles/archive/mtgo-standings/modern-challenge-2022-04-25#swff_th_place"
"21","Shadowz2005",3,21,0.666666666666667,0.430324517095876,0.854123057656903,42,"Izzet Murktide; Grixis Shadow; Jeskai Control","1; 1; 1","https://magic.wizards.com/en/articles/archive/mtgo-standings/modern-challenge-2022-04-18#shadowz_th_place; https://magic.wizards.com/en/articles/archive/mtgo-standings/modern-challenge-2022-04-24#shadowz_th_place; https://magic.wizards.com/en/articles/archive/mtgo-standings/modern-challenge-2022-05-02#shadowz_th_place"
"22","keeline",2,17,0.764705882352941,0.50100672679542,0.931892259562643,39,"Omnath Control","2","https://magic.wizards.com/en/articles/archive/mtgo-standings/modern-challenge-2022-04-18#keeline_nd_place; https://magic.wizards.com/en/articles/archive/mtgo-standings/modern-challenge-2022-04-25#keeline_rd_place"
"23","MrCafouillette",2,17,0.764705882352941,0.50100672679542,0.931892259562643,39,"Jeskai Control","2","https://magic.wizards.com/en/articles/archive/mtgo-standings/modern-challenge-2022-04-18#mrcafouillette_th_place; https://magic.wizards.com/en/articles/archive/mtgo-standings/modern-challenge-2022-05-09#mrcafouillette_st_place"
"24","Xenowan",3,18,0.722222222222222,0.465198034416944,0.903050787474441,39,"Crabvine; Mono Red Saga; Azorius Blink","1; 1; 1","https://magic.wizards.com/en/articles/archive/mtgo-standings/modern-challenge-2022-04-18#xenowan_th_place; https://magic.wizards.com/en/articles/archive/mtgo-standings/modern-challenge-2022-05-02#xenowan_th_place; https://magic.wizards.com/en/articles/archive/mtgo-standings/modern-preliminary-2022-04-15#xenowan_-"
"25","Leviathan102",2,14,0.857142857142857,0.571870839090301,0.982205484516808,36,"Elementals","2","https://magic.wizards.com/en/articles/archive/mtgo-standings/modern-challenge-2022-04-17#leviathan_rd_place; https://magic.wizards.com/en/articles/archive/mtgo-standings/modern-preliminary-2022-04-30#leviathan_-"
"26","PieGonti",2,17,0.705882352941177,0.440417281245663,0.89686448562968,36,"Izzet Murktide","2","https://magic.wizards.com/en/articles/archive/mtgo-standings/modern-challenge-2022-04-17#piegonti_th_place; https://magic.wizards.com/en/articles/archive/mtgo-standings/modern-challenge-2022-05-01#piegonti_th_place"
"27","rileydk",2,16,0.75,0.476229180103872,0.927337961747118,36,"Amulet Titan","2","https://magic.wizards.com/en/articles/archive/mtgo-standings/modern-challenge-2022-04-17#rileydk_th_place; https://magic.wizards.com/en/articles/archive/mtgo-standings/modern-showcase-challenge-2022-05-08#rileydk_th_place"
"28","tibalt_of_red_sub",3,19,0.631578947368421,0.383577923314405,0.8371141278449,36,"Mill","3","https://magic.wizards.com/en/articles/archive/mtgo-standings/modern-challenge-2022-04-17#tibalt_of_red_sub_th_place; https://magic.wizards.com/en/articles/archive/mtgo-standings/modern-challenge-2022-04-25#tibalt_of_red_sub_th_place; https://magic.wizards.com/en/articles/archive/mtgo-standings/modern-preliminary-2022-05-03#tibalt_of_red_sub_-"
"29","Nammersquats",3,15,0.8,0.519108866193147,0.956687994894163,36,"Yawgmoth; Calibrated Blast","2; 1","https://magic.wizards.com/en/articles/archive/mtgo-standings/modern-challenge-2022-05-01#nammersquats_th_place; https://magic.wizards.com/en/articles/archive/mtgo-standings/modern-preliminary-2022-04-29#nammersquats_-; https://magic.wizards.com/en/articles/archive/mtgo-standings/modern-preliminary-2022-05-06#nammersquats_-"
"30","into_play",3,15,0.8,0.519108866193147,0.956687994894163,36,"Amulet Titan","3","https://magic.wizards.com/en/articles/archive/mtgo-standings/modern-challenge-2022-05-01#into_play_th_place; https://magic.wizards.com/en/articles/archive/mtgo-standings/modern-preliminary-2022-04-20#into_play_-; https://magic.wizards.com/en/articles/archive/mtgo-standings/modern-preliminary-2022-04-26#into_play_-"
"31","AwesomPossum",2,15,0.733333333333333,0.448996758963029,0.922128453708956,33,"Yawgmoth","2","https://magic.wizards.com/en/articles/archive/mtgo-standings/modern-challenge-2022-04-17#awesompossum_th_place; https://magic.wizards.com/en/articles/archive/mtgo-standings/modern-challenge-2022-04-24#awesompossum_th_place"
"32","LvdL",2,15,0.733333333333333,0.448996758963029,0.922128453708956,33,"Hammer Time","2","https://magic.wizards.com/en/articles/archive/mtgo-standings/modern-challenge-2022-04-17#lvdl_th_place; https://magic.wizards.com/en/articles/archive/mtgo-standings/modern-challenge-2022-04-24#lvdl_th_place"
"33","RagingMachismo",2,16,0.6875,0.413379363548641,0.889830045282883,33,"Dredge; Goblins","1; 1","https://magic.wizards.com/en/articles/archive/mtgo-standings/modern-challenge-2022-04-17#ragingmachismo_th_place; https://magic.wizards.com/en/articles/archive/mtgo-standings/modern-challenge-2022-04-18#ragingmachismo_th_place"
"34","piggy12",2,13,0.846153846153846,0.545528944323442,0.980793328017472,33,"Yawgmoth","2","https://magic.wizards.com/en/articles/archive/mtgo-standings/modern-challenge-2022-04-18#piggy_rd_place; https://magic.wizards.com/en/articles/archive/mtgo-standings/modern-preliminary-2022-04-15#piggy_-"
"35","mala_grinja",2,15,0.733333333333333,0.448996758963029,0.922128453708956,33,"Living End","2","https://magic.wizards.com/en/articles/archive/mtgo-standings/modern-challenge-2022-04-18#mala_grinja_th_place; https://magic.wizards.com/en/articles/archive/mtgo-standings/modern-challenge-2022-04-24#mala_grinja_th_place"
"36","LasVegasChaos",3,15,0.733333333333333,0.448996758963029,0.922128453708956,33,"Hammer Time","3","https://magic.wizards.com/en/articles/archive/mtgo-standings/modern-challenge-2022-04-18#lasvegaschaos_nd_place; https://magic.wizards.com/en/articles/archive/mtgo-standings/modern-preliminary-2022-04-13#lasvegaschaos_-; https://magic.wizards.com/en/articles/archive/mtgo-standings/modern-preliminary-2022-04-16#lasvegaschaos_-"
"37","_Batutinha_",2,15,0.733333333333333,0.448996758963029,0.922128453708956,33,"Elementals","2","https://magic.wizards.com/en/articles/archive/mtgo-standings/modern-challenge-2022-04-25#_batutinha__th_place; https://magic.wizards.com/en/articles/archive/mtgo-standings/modern-showcase-challenge-2022-05-08#_batutinha__th_place"
"38","bobthedog",2,15,0.666666666666667,0.383803732541154,0.881758896633119,30,"Tameshi Bloom","2","https://magic.wizards.com/en/articles/archive/mtgo-standings/modern-challenge-2022-04-17#bobthedog_th_place; https://magic.wizards.com/en/articles/archive/mtgo-standings/modern-challenge-2022-05-01#bobthedog_nd_place"
"39","TheBigMoke",2,15,0.666666666666667,0.383803732541154,0.881758896633119,30,"Elementals; Omnath Scapeshift","1; 1","https://magic.wizards.com/en/articles/archive/mtgo-standings/modern-challenge-2022-04-17#thebigmoke_th_place; https://magic.wizards.com/en/articles/archive/mtgo-standings/modern-challenge-2022-05-01#thebigmoke_th_place"
"40","quinniac",2,15,0.666666666666667,0.383803732541154,0.881758896633119,30,"Burn","2","https://magic.wizards.com/en/articles/archive/mtgo-standings/modern-challenge-2022-04-18#quinniac_th_place; https://magic.wizards.com/en/articles/archive/mtgo-standings/modern-challenge-2022-05-09#quinniac_th_place"
"41","NuBlkAu",2,15,0.666666666666667,0.383803732541154,0.881758896633119,30,"Izzet Murktide","2","https://magic.wizards.com/en/articles/archive/mtgo-standings/modern-challenge-2022-04-24#nublkau_th_place; https://magic.wizards.com/en/articles/archive/mtgo-standings/modern-challenge-2022-05-02#nublkau_th_place"
"42","Dydyk95",2,15,0.666666666666667,0.383803732541154,0.881758896633119,30,"Eldrazi Tron; Calibrated Blast","1; 1","https://magic.wizards.com/en/articles/archive/mtgo-standings/modern-challenge-2022-04-24#dydyk_th_place; https://magic.wizards.com/en/articles/archive/mtgo-standings/modern-challenge-2022-05-09#dydyk_th_place"
"43","Darthkid",2,14,0.714285714285714,0.418964742816338,0.916110681692872,30,"Izzet Murktide","2","https://magic.wizards.com/en/articles/archive/mtgo-standings/modern-challenge-2022-04-24#darthkid_th_place; https://magic.wizards.com/en/articles/archive/mtgo-standings/modern-challenge-2022-04-25#darthkid_th_place"
"44","ss0",2,14,0.714285714285714,0.418964742816338,0.916110681692872,30,"Elementals","2","https://magic.wizards.com/en/articles/archive/mtgo-standings/modern-challenge-2022-04-24#ss_nd_place; https://magic.wizards.com/en/articles/archive/mtgo-standings/modern-challenge-2022-05-01#ss_nd_place"
"45","yuyan",2,16,0.625,0.354346094302078,0.848016324918878,30,"Blue Living End","2","https://magic.wizards.com/en/articles/archive/mtgo-standings/modern-challenge-2022-04-25#yuyan_th_place; https://magic.wizards.com/en/articles/archive/mtgo-standings/modern-challenge-2022-05-01#yuyan_th_place"
"46","Booomerang",2,15,0.666666666666667,0.383803732541154,0.881758896633119,30,"Hammer Time","2","https://magic.wizards.com/en/articles/archive/mtgo-standings/modern-challenge-2022-04-25#booomerang_th_place; https://magic.wizards.com/en/articles/archive/mtgo-standings/modern-challenge-2022-05-09#booomerang_th_place"
"47","Laplasjan",2,14,0.714285714285714,0.418964742816338,0.916110681692872,30,"Hammer Time","2","https://magic.wizards.com/en/articles/archive/mtgo-standings/modern-challenge-2022-04-25#laplasjan_th_place; https://magic.wizards.com/en/articles/archive/mtgo-standings/modern-challenge-2022-05-09#laplasjan_th_place"
"48","gurig",2,14,0.714285714285714,0.418964742816338,0.916110681692872,30,"Amulet Titan","2","https://magic.wizards.com/en/articles/archive/mtgo-standings/modern-challenge-2022-04-25#gurig_th_place; https://magic.wizards.com/en/articles/archive/mtgo-standings/modern-challenge-2022-05-02#gurig_th_place"
"49","Gigy",2,13,0.769230769230769,0.461868460765959,0.949618926508848,30,"Temur Footfalls","2","https://magic.wizards.com/en/articles/archive/mtgo-standings/modern-challenge-2022-05-01#gigy_rd_place; https://magic.wizards.com/en/articles/archive/mtgo-standings/modern-preliminary-2022-05-06#gigy_-"
"50","Kihara_Works",2,15,0.666666666666667,0.383803732541154,0.881758896633119,30,"Jeskai Control; Omnath Saheeli","1; 1","https://magic.wizards.com/en/articles/archive/mtgo-standings/modern-challenge-2022-05-02#kihara_works_th_place; https://magic.wizards.com/en/articles/archive/mtgo-standings/modern-showcase-challenge-2022-05-08#kihara_works_th_place"
"51","kasa",1,11,0.909090909090909,0.587220083011617,0.997701027786186,30,"Blue Living End","1","https://magic.wizards.com/en/articles/archive/mtgo-standings/modern-showcase-challenge-2022-05-08#kasa_st_place"
"52","Gerardo94",2,12,0.833333333333333,0.515862251314033,0.979137474539908,30,"Omnath Control","2","https://magic.wizards.com/en/articles/archive/mtgo-standings/modern-showcase-challenge-2022-05-08#gerardo_th_place; https://magic.wizards.com/en/articles/archive/mtgo-standings/modern-preliminary-2022-05-03#gerardo_-"
"53","errkster",3,15,0.666666666666667,0.383803732541154,0.881758896633119,30,"Burn","3","https://magic.wizards.com/en/articles/archive/mtgo-standings/modern-challenge-2022-05-09#errkster_th_place; https://magic.wizards.com/en/articles/archive/mtgo-standings/modern-preliminary-2022-04-21#errkster_-; https://magic.wizards.com/en/articles/archive/mtgo-standings/modern-preliminary-2022-04-29#errkster_-"
"54","JV_7777",3,12,0.833333333333333,0.515862251314033,0.979137474539908,30,"Temur Footfalls","3","https://magic.wizards.com/en/articles/archive/mtgo-standings/modern-preliminary-2022-04-13#jv__-; https://magic.wizards.com/en/articles/archive/mtgo-standings/modern-preliminary-2022-04-20#jv__-; https://magic.wizards.com/en/articles/archive/mtgo-standings/modern-preliminary-2022-04-23#jv__-"
"55","boytriton",2,12,0.75,0.428141538121811,0.945139355472007,27,"Izzet Control","2","https://magic.wizards.com/en/articles/archive/mtgo-standings/modern-challenge-2022-04-17#boytriton_th_place; https://magic.wizards.com/en/articles/archive/mtgo-standings/modern-preliminary-2022-04-26#boytriton_-"
"56","Bean17h",2,15,0.6,0.322869766206282,0.836635676140487,27,"Burn","2","https://magic.wizards.com/en/articles/archive/mtgo-standings/modern-challenge-2022-04-17#beanh_st_place; https://magic.wizards.com/en/articles/archive/mtgo-standings/modern-challenge-2022-04-24#beanh_th_place"
"57","La_Biscia",2,14,0.642857142857143,0.351380110615992,0.872401570140841,27,"Blue Living End; Temur Footfalls","1; 1","https://magic.wizards.com/en/articles/archive/mtgo-standings/modern-challenge-2022-04-18#la_biscia_th_place; https://magic.wizards.com/en/articles/archive/mtgo-standings/modern-challenge-2022-04-24#la_biscia_th_place"
"58","deftjad",2,14,0.642857142857143,0.351380110615992,0.872401570140841,27,"Amulet Titan","2","https://magic.wizards.com/en/articles/archive/mtgo-standings/modern-challenge-2022-04-18#deftjad_th_place; https://magic.wizards.com/en/articles/archive/mtgo-standings/modern-challenge-2022-05-09#deftjad_rd_place"
"59","otakkun",2,14,0.642857142857143,0.351380110615992,0.872401570140841,27,"Omnath Control","2","https://magic.wizards.com/en/articles/archive/mtgo-standings/modern-challenge-2022-04-18#otakkun_th_place; https://magic.wizards.com/en/articles/archive/mtgo-standings/modern-challenge-2022-05-09#otakkun_th_place"
"60","crazybaloth",1,10,0.9,0.554983882971805,0.997471421455538,27,"Yawgmoth","1","https://magic.wizards.com/en/articles/archive/mtgo-standings/modern-challenge-2022-04-24#crazybaloth_st_place"
"61","GideonRavensword",1,10,0.9,0.554983882971805,0.997471421455538,27,"Blue Living End","1","https://magic.wizards.com/en/articles/archive/mtgo-standings/modern-challenge-2022-04-24#gideonravensword_nd_place"
"62","roter_Erzengel",2,14,0.642857142857143,0.351380110615992,0.872401570140841,27,"Green Tron","2","https://magic.wizards.com/en/articles/archive/mtgo-standings/modern-challenge-2022-04-24#roter_erzengel_th_place; https://magic.wizards.com/en/articles/archive/mtgo-standings/modern-challenge-2022-04-25#roter_erzengel_th_place"
"63","oosunq",2,14,0.642857142857143,0.351380110615992,0.872401570140841,27,"Reanimator; Burn","1; 1","https://magic.wizards.com/en/articles/archive/mtgo-standings/modern-challenge-2022-04-25#oosunq_st_place; https://magic.wizards.com/en/articles/archive/mtgo-standings/modern-challenge-2022-05-09#oosunq_th_place"
"64","Danny_Bambino",1,10,0.9,0.554983882971805,0.997471421455538,27,"Elementals","1","https://magic.wizards.com/en/articles/archive/mtgo-standings/modern-challenge-2022-05-01#danny_bambino_st_place"
"65","CharLy",1,11,0.818181818181818,0.482244147639827,0.97716880170004,27,"Affinity","1","https://magic.wizards.com/en/articles/archive/mtgo-standings/modern-showcase-challenge-2022-05-08#charly_nd_place"
"66","KelMasterP",2,12,0.75,0.428141538121811,0.945139355472007,27,"Gruul Titan","2","https://magic.wizards.com/en/articles/archive/mtgo-standings/modern-showcase-challenge-2022-05-08#kelmasterp_th_place; https://magic.wizards.com/en/articles/archive/mtgo-standings/modern-preliminary-2022-04-28#kelmasterp_-"
"67","Tacosalad",2,12,0.75,0.428141538121811,0.945139355472007,27,"Elementals","2","https://magic.wizards.com/en/articles/archive/mtgo-standings/modern-showcase-challenge-2022-05-08#tacosalad_th_place; https://magic.wizards.com/en/articles/archive/mtgo-standings/modern-preliminary-2022-05-06#tacosalad_-"
"68","kuailelaojiaVGC",1,10,0.8,0.443904537692359,0.974789273673167,24,"Yawgmoth","1","https://magic.wizards.com/en/articles/archive/mtgo-standings/modern-challenge-2022-04-25#kuailelaojiavgc_nd_place"
"69","Cosmic_Sans",1,10,0.8,0.443904537692359,0.974789273673167,24,"Tameshi Bloom","1","https://magic.wizards.com/en/articles/archive/mtgo-standings/modern-showcase-challenge-2022-05-08#cosmic_sans_rd_place"
"70","hcook725",1,9,0.777777777777778,0.399906426283688,0.971855026522102,21,"Izzet Control","1","https://magic.wizards.com/en/articles/archive/mtgo-standings/modern-challenge-2022-04-17#hcook_th_place"
"71","MeninoNey",1,9,0.777777777777778,0.399906426283688,0.971855026522102,21,"Blue Living End","1","https://magic.wizards.com/en/articles/archive/mtgo-standings/modern-challenge-2022-04-17#meninoney_th_place"
"72","Playmobil",1,9,0.777777777777778,0.399906426283688,0.971855026522102,21,"Rakdos Midrange","1","https://magic.wizards.com/en/articles/archive/mtgo-standings/modern-challenge-2022-04-17#playmobil_th_place"
"73","mariogomes097",2,11,0.636363636363636,0.307904715011677,0.890736556180902,21,"Hammer Time","2","https://magic.wizards.com/en/articles/archive/mtgo-standings/modern-challenge-2022-04-18#mariogomes_th_place; https://magic.wizards.com/en/articles/archive/mtgo-standings/modern-preliminary-2022-04-26#mariogomes_-"
"74","max09",1,9,0.777777777777778,0.399906426283688,0.971855026522102,21,"Hammer Time","1","https://magic.wizards.com/en/articles/archive/mtgo-standings/modern-challenge-2022-04-24#max_rd_place"
"75","ejcos531",1,9,0.777777777777778,0.399906426283688,0.971855026522102,21,"Izzet Murktide","1","https://magic.wizards.com/en/articles/archive/mtgo-standings/modern-challenge-2022-04-24#ejcos_th_place"
"76","-Vidar-",1,9,0.777777777777778,0.399906426283688,0.971855026522102,21,"Burn","1","https://magic.wizards.com/en/articles/archive/mtgo-standings/modern-challenge-2022-04-25#-vidar-_rd_place"
"77","kokoko098",1,10,0.7,0.347547149940003,0.933260488822266,21,"Elementals","1","https://magic.wizards.com/en/articles/archive/mtgo-standings/modern-challenge-2022-05-02#kokoko_nd_place"
"78","osmanozguney",1,9,0.777777777777778,0.399906426283688,0.971855026522102,21,"Mardu Midrange","1","https://magic.wizards.com/en/articles/archive/mtgo-standings/modern-challenge-2022-05-02#osmanozguney_rd_place"
"79","kyon1024",1,9,0.777777777777778,0.399906426283688,0.971855026522102,21,"Yawgmoth","1","https://magic.wizards.com/en/articles/archive/mtgo-standings/modern-challenge-2022-05-02#kyon_th_place"
"80","SknerusMcKwacz",1,10,0.7,0.347547149940003,0.933260488822266,21,"Izzet Murktide","1","https://magic.wizards.com/en/articles/archive/mtgo-standings/modern-showcase-challenge-2022-05-08#sknerusmckwacz_th_place"
"81","Tezzey",1,9,0.777777777777778,0.399906426283688,0.971855026522102,21,"Affinity","1","https://magic.wizards.com/en/articles/archive/mtgo-standings/modern-showcase-challenge-2022-05-08#tezzey_th_place"
"82","Rulleboren",1,9,0.777777777777778,0.399906426283688,0.971855026522102,21,"Blue Living End","1","https://magic.wizards.com/en/articles/archive/mtgo-standings/modern-showcase-challenge-2022-05-08#rulleboren_th_place"
"83","Cachorrowo",1,9,0.777777777777778,0.399906426283688,0.971855026522102,21,"Burn","1","https://magic.wizards.com/en/articles/archive/mtgo-standings/modern-showcase-challenge-2022-05-08#cachorrowo_th_place"
"84","UmekawaneikU",1,8,0.875,0.473490329124793,0.996840276468748,21,"Izzet Control","1","https://magic.wizards.com/en/articles/archive/mtgo-standings/modern-challenge-2022-05-09#umekawaneiku_th_place"
"85","mei0024",2,8,0.875,0.473490329124793,0.996840276468748,21,"Hammer Time","2","https://magic.wizards.com/en/articles/archive/mtgo-standings/modern-preliminary-2022-04-20#mei_-; https://magic.wizards.com/en/articles/archive/mtgo-standings/modern-preliminary-2022-05-07#mei_-"
"86","Xwhale",2,8,0.875,0.473490329124793,0.996840276468748,21,"Izzet Murktide","2","https://magic.wizards.com/en/articles/archive/mtgo-standings/modern-preliminary-2022-04-21#xwhale_-; https://magic.wizards.com/en/articles/archive/mtgo-standings/modern-preliminary-2022-04-22#xwhale_-"
"87","Rosencrantz_920",2,8,0.875,0.473490329124793,0.996840276468748,21,"Hammer Time","2","https://magic.wizards.com/en/articles/archive/mtgo-standings/modern-preliminary-2022-04-28#rosencrantz__-; https://magic.wizards.com/en/articles/archive/mtgo-standings/modern-preliminary-2022-04-30#rosencrantz__-"
"88","Arets77",2,8,0.875,0.473490329124793,0.996840276468748,21,"Yawgmoth","2","https://magic.wizards.com/en/articles/archive/mtgo-standings/modern-preliminary-2022-05-03#arets_-; https://magic.wizards.com/en/articles/archive/mtgo-standings/modern-preliminary-2022-05-07#arets_-"
"89","sandydogmtg",2,8,0.875,0.473490329124793,0.996840276468748,21,"Temur Footfalls","2","https://magic.wizards.com/en/articles/archive/mtgo-standings/modern-preliminary-2022-05-05#sandydogmtg_-; https://magic.wizards.com/en/articles/archive/mtgo-standings/modern-preliminary-2022-05-06#sandydogmtg_-"
"90","staples87",1,8,0.75,0.349144205587176,0.968145973750056,18,"Green Tron","1","https://magic.wizards.com/en/articles/archive/mtgo-standings/modern-challenge-2022-04-17#staples_th_place"
"91","Andrea94",1,8,0.75,0.349144205587176,0.968145973750056,18,"Omnath Control","1","https://magic.wizards.com/en/articles/archive/mtgo-standings/modern-challenge-2022-04-17#andrea_th_place"
"92","gyyby297",1,8,0.75,0.349144205587176,0.968145973750056,18,"Thopter Urza","1","https://magic.wizards.com/en/articles/archive/mtgo-standings/modern-challenge-2022-04-17#gyyby_th_place"
"93","PTarts2win",1,8,0.75,0.349144205587176,0.968145973750056,18,"Blue Living End","1","https://magic.wizards.com/en/articles/archive/mtgo-standings/modern-challenge-2022-04-17#ptartswin_th_place"
"94","mchlpp",1,8,0.75,0.349144205587176,0.968145973750056,18,"Jeskai Control","1","https://magic.wizards.com/en/articles/archive/mtgo-standings/modern-challenge-2022-04-17#mchlpp_th_place"
"95","YellowGatorade",1,8,0.75,0.349144205587176,0.968145973750056,18,"Temur Footfalls","1","https://magic.wizards.com/en/articles/archive/mtgo-standings/modern-challenge-2022-04-24#yellowgatorade_th_place"
"96","sadbrucelee",1,8,0.75,0.349144205587176,0.968145973750056,18,"Elementals","1","https://magic.wizards.com/en/articles/archive/mtgo-standings/modern-challenge-2022-05-01#sadbrucelee_th_place"
"97","Disgruntled_Elk",1,8,0.75,0.349144205587176,0.968145973750056,18,"Hammer Time","1","https://magic.wizards.com/en/articles/archive/mtgo-standings/modern-challenge-2022-05-01#disgruntled_elk_th_place"
"98","MadMaxErnst",1,8,0.75,0.349144205587176,0.968145973750056,18,"Izzet Murktide","1","https://magic.wizards.com/en/articles/archive/mtgo-standings/modern-showcase-challenge-2022-05-08#madmaxernst_th_place"
"99","PvtEnormous",1,8,0.75,0.349144205587176,0.968145973750056,18,"Temur Footfalls","1","https://magic.wizards.com/en/articles/archive/mtgo-standings/modern-showcase-challenge-2022-05-08#pvtenormous_th_place"
"100","Jositoshekel",1,8,0.75,0.349144205587176,0.968145973750056,18,"Heliod Combo","1","https://magic.wizards.com/en/articles/archive/mtgo-standings/modern-showcase-challenge-2022-05-08#jositoshekel_th_place"
"101","Breckoroni",1,8,0.75,0.349144205587176,0.968145973750056,18,"Dredge","1","https://magic.wizards.com/en/articles/archive/mtgo-standings/modern-showcase-challenge-2022-05-08#breckoroni_th_place"
"102","Condescend",1,8,0.75,0.349144205587176,0.968145973750056,18,"Izzet Murktide","1","https://magic.wizards.com/en/articles/archive/mtgo-standings/modern-showcase-challenge-2022-05-08#condescend_st_place"
"103","UnstableVuDoo",1,8,0.75,0.349144205587176,0.968145973750056,18,"Elementals","1","https://magic.wizards.com/en/articles/archive/mtgo-standings/modern-showcase-challenge-2022-05-08#unstablevudoo_nd_place"
"104","healthcaredotgov",1,8,0.75,0.349144205587176,0.968145973750056,18,"Eldrazi Tron","1","https://magic.wizards.com/en/articles/archive/mtgo-standings/modern-showcase-challenge-2022-05-08#healthcaredotgov_rd_place"
"105","SoggyCheerios",1,8,0.75,0.349144205587176,0.968145973750056,18,"Blue Living End","1","https://magic.wizards.com/en/articles/archive/mtgo-standings/modern-showcase-challenge-2022-05-08#soggycheerios_th_place"
"106","SuperCow12653",1,8,0.75,0.349144205587176,0.968145973750056,18,"Burn","1","https://magic.wizards.com/en/articles/archive/mtgo-standings/modern-showcase-challenge-2022-05-08#supercow_th_place"
"107","bbotonline",1,9,0.666666666666667,0.29929505620854,0.925145368580308,18,"Artifact Pod","1","https://magic.wizards.com/en/articles/archive/mtgo-standings/modern-challenge-2022-05-09#bbotonline_th_place"
"108","JUJUBEAN__2004",1,8,0.75,0.349144205587176,0.968145973750056,18,"Izzet Murktide","1","https://magic.wizards.com/en/articles/archive/mtgo-standings/modern-challenge-2022-05-09#jujubean___th_place"
"109","SoIMBAGallade",1,8,0.75,0.349144205587176,0.968145973750056,18,"Temur Footfalls","1","https://magic.wizards.com/en/articles/archive/mtgo-standings/modern-challenge-2022-05-09#soimbagallade_th_place"
"110","Latke",2,8,0.75,0.349144205587176,0.968145973750056,18,"Blue Living End","2","https://magic.wizards.com/en/articles/archive/mtgo-standings/modern-preliminary-2022-04-14#latke_-; https://magic.wizards.com/en/articles/archive/mtgo-standings/modern-preliminary-2022-05-03#latke_-"
"111","Violent_Outburst",2,8,0.75,0.349144205587176,0.968145973750056,18,"Omnath Control","2","https://magic.wizards.com/en/articles/archive/mtgo-standings/modern-preliminary-2022-04-15#violent_outburst_-; https://magic.wizards.com/en/articles/archive/mtgo-standings/modern-preliminary-2022-04-16#violent_outburst_-"
"112","MentalMisstep",2,8,0.75,0.349144205587176,0.968145973750056,18,"Omnath Control","2","https://magic.wizards.com/en/articles/archive/mtgo-standings/modern-preliminary-2022-04-15#mentalmisstep_-; https://magic.wizards.com/en/articles/archive/mtgo-standings/modern-preliminary-2022-04-16#mentalmisstep_-"
"113","SanPop",2,8,0.75,0.349144205587176,0.968145973750056,18,"Blue Living End","2","https://magic.wizards.com/en/articles/archive/mtgo-standings/modern-preliminary-2022-04-20#sanpop_-; https://magic.wizards.com/en/articles/archive/mtgo-standings/modern-preliminary-2022-04-26#sanpop_-"
"114","TheLastBeta",2,8,0.75,0.349144205587176,0.968145973750056,18,"Yawgmoth","2","https://magic.wizards.com/en/articles/archive/mtgo-standings/modern-preliminary-2022-04-22#thelastbeta_-; https://magic.wizards.com/en/articles/archive/mtgo-standings/modern-preliminary-2022-04-26#thelastbeta_-"
"115","Icteridae",2,8,0.75,0.349144205587176,0.968145973750056,18,"Gruul Midrange; Reanimator","1; 1","https://magic.wizards.com/en/articles/archive/mtgo-standings/modern-preliminary-2022-04-28#icteridae_-; https://magic.wizards.com/en/articles/archive/mtgo-standings/modern-preliminary-2022-05-05#icteridae_-"
"116","jamiieJR",1,8,0.625,0.244863216366552,0.914766585862746,15,"Amulet Titan","1","https://magic.wizards.com/en/articles/archive/mtgo-standings/modern-challenge-2022-04-17#jamiiejr_th_place"
"117","sshearing",1,8,0.625,0.244863216366552,0.914766585862746,15,"Izzet Murktide","1","https://magic.wizards.com/en/articles/archive/mtgo-standings/modern-challenge-2022-04-17#sshearing_st_place"
"118","GodOfSlaughter",1,8,0.625,0.244863216366552,0.914766585862746,15,"Amulet Titan","1","https://magic.wizards.com/en/articles/archive/mtgo-standings/modern-challenge-2022-04-17#godofslaughter_th_place"
"119","komattaman",1,8,0.625,0.244863216366552,0.914766585862746,15,"Izzet Murktide","1","https://magic.wizards.com/en/articles/archive/mtgo-standings/modern-challenge-2022-04-17#komattaman_th_place"
"120","Bicyclops",1,8,0.625,0.244863216366552,0.914766585862746,15,"Burn","1","https://magic.wizards.com/en/articles/archive/mtgo-standings/modern-challenge-2022-04-17#bicyclops_th_place"
"121","Big_Swiker",1,8,0.625,0.244863216366552,0.914766585862746,15,"Hammer Time","1","https://magic.wizards.com/en/articles/archive/mtgo-standings/modern-challenge-2022-04-17#big_swiker_th_place"
"122","Mistakenn",1,8,0.625,0.244863216366552,0.914766585862746,15,"Amulet Titan","1","https://magic.wizards.com/en/articles/archive/mtgo-standings/modern-challenge-2022-04-17#mistakenn_nd_place"
"123","NickNorman",1,7,0.714285714285714,0.290420863737343,0.963307433823914,15,"Dredge","1","https://magic.wizards.com/en/articles/archive/mtgo-standings/modern-challenge-2022-04-18#nicknorman_th_place"
"124","ThorGniole",1,7,0.714285714285714,0.290420863737343,0.963307433823914,15,"Eldrazi Tron","1","https://magic.wizards.com/en/articles/archive/mtgo-standings/modern-challenge-2022-04-18#thorgniole_th_place"
"125","Samlg01",1,7,0.714285714285714,0.290420863737343,0.963307433823914,15,"Amulet Titan","1","https://magic.wizards.com/en/articles/archive/mtgo-standings/modern-challenge-2022-04-18#samlg_th_place"
"126","Mogged",1,7,0.714285714285714,0.290420863737343,0.963307433823914,15,"Gruul Midrange","1","https://magic.wizards.com/en/articles/archive/mtgo-standings/modern-challenge-2022-04-18#mogged_th_place"
"127","Taiju_kei91",1,7,0.714285714285714,0.290420863737343,0.963307433823914,15,"Hammer Time","1","https://magic.wizards.com/en/articles/archive/mtgo-standings/modern-challenge-2022-04-18#taiju_kei_th_place"
"128","Jonathanb1993",1,7,0.714285714285714,0.290420863737343,0.963307433823914,15,"Green Tron","1","https://magic.wizards.com/en/articles/archive/mtgo-standings/modern-challenge-2022-04-24#jonathanb_th_place"
"129","Junkmener",1,7,0.714285714285714,0.290420863737343,0.963307433823914,15,"Mono Red Prowess","1","https://magic.wizards.com/en/articles/archive/mtgo-standings/modern-challenge-2022-04-24#junkmener_th_place"
"130","Lannynyny",1,7,0.714285714285714,0.290420863737343,0.963307433823914,15,"Tameshi Bloom","1","https://magic.wizards.com/en/articles/archive/mtgo-standings/modern-challenge-2022-04-24#lannynyny_th_place"
"131","CitrusD",1,7,0.714285714285714,0.290420863737343,0.963307433823914,15,"Yawgmoth","1","https://magic.wizards.com/en/articles/archive/mtgo-standings/modern-challenge-2022-04-24#citrusd_th_place"
"132","Parrit",1,7,0.714285714285714,0.290420863737343,0.963307433823914,15,"Hammer Time","1","https://magic.wizards.com/en/articles/archive/mtgo-standings/modern-challenge-2022-04-24#parrit_th_place"
"133","ht991122",1,7,0.714285714285714,0.290420863737343,0.963307433823914,15,"Elementals","1","https://magic.wizards.com/en/articles/archive/mtgo-standings/modern-challenge-2022-04-24#ht_th_place"
"134","pewpew444",1,7,0.714285714285714,0.290420863737343,0.963307433823914,15,"Izzet Murktide","1","https://magic.wizards.com/en/articles/archive/mtgo-standings/modern-challenge-2022-04-24#pewpew_st_place"
"135","Caleb_O",1,7,0.714285714285714,0.290420863737343,0.963307433823914,15,"Affinity","1","https://magic.wizards.com/en/articles/archive/mtgo-standings/modern-challenge-2022-04-24#caleb_o_rd_place"
"136","Dean911",1,8,0.625,0.244863216366552,0.914766585862746,15,"Izzet Prowess","1","https://magic.wizards.com/en/articles/archive/mtgo-standings/modern-challenge-2022-04-25#dean_th_place"
"137","excel0679",1,7,0.714285714285714,0.290420863737343,0.963307433823914,15,"Izzet Murktide","1","https://magic.wizards.com/en/articles/archive/mtgo-standings/modern-challenge-2022-04-25#excel_th_place"
"138","flatnose",1,7,0.714285714285714,0.290420863737343,0.963307433823914,15,"Merfolk","1","https://magic.wizards.com/en/articles/archive/mtgo-standings/modern-challenge-2022-04-25#flatnose_th_place"
"139","TheTunnelingCat",1,7,0.714285714285714,0.290420863737343,0.963307433823914,15,"Yawgmoth","1","https://magic.wizards.com/en/articles/archive/mtgo-standings/modern-challenge-2022-04-25#thetunnelingcat_th_place"
"140","XxShuicunexX",1,7,0.714285714285714,0.290420863737343,0.963307433823914,15,"Burn","1","https://magic.wizards.com/en/articles/archive/mtgo-standings/modern-challenge-2022-04-25#xxshuicunexx_th_place"
"141","krebrovich",1,7,0.714285714285714,0.290420863737343,0.963307433823914,15,"Omnath Control","1","https://magic.wizards.com/en/articles/archive/mtgo-standings/modern-challenge-2022-04-25#krebrovich_th_place"
"142","TheWitchKling",1,8,0.625,0.244863216366552,0.914766585862746,15,"Blue Living End","1","https://magic.wizards.com/en/articles/archive/mtgo-standings/modern-challenge-2022-05-01#thewitchkling_th_place"
"143","simiced_horizon",1,7,0.714285714285714,0.290420863737343,0.963307433823914,15,"Calibrated Blast","1","https://magic.wizards.com/en/articles/archive/mtgo-standings/modern-challenge-2022-05-01#simiced_horizon_th_place"
"144","Elvishvisonary",1,7,0.714285714285714,0.290420863737343,0.963307433823914,15,"Amulet Titan","1","https://magic.wizards.com/en/articles/archive/mtgo-standings/modern-challenge-2022-05-01#elvishvisonary_th_place"
"145","smnowako",1,7,0.714285714285714,0.290420863737343,0.963307433823914,15,"Hammer Time","1","https://magic.wizards.com/en/articles/archive/mtgo-standings/modern-challenge-2022-05-01#smnowako_th_place"
"146","Diem4x",1,7,0.714285714285714,0.290420863737343,0.963307433823914,15,"Hammer Time","1","https://magic.wizards.com/en/articles/archive/mtgo-standings/modern-challenge-2022-05-01#diemx_th_place"
"147","Boin",1,7,0.714285714285714,0.290420863737343,0.963307433823914,15,"Eldrazi Tron","1","https://magic.wizards.com/en/articles/archive/mtgo-standings/modern-challenge-2022-05-01#boin_th_place"
"148","Drizzt253",1,7,0.714285714285714,0.290420863737343,0.963307433823914,15,"Izzet Murktide","1","https://magic.wizards.com/en/articles/archive/mtgo-standings/modern-challenge-2022-05-01#drizzt_th_place"
"149","underdog111",1,7,0.714285714285714,0.290420863737343,0.963307433823914,15,"Amulet Titan","1","https://magic.wizards.com/en/articles/archive/mtgo-standings/modern-challenge-2022-05-01#underdog_rd_place"
"150","SaddlebackLagac",1,7,0.714285714285714,0.290420863737343,0.963307433823914,15,"Rakdos Sacrifice","1","https://magic.wizards.com/en/articles/archive/mtgo-standings/modern-challenge-2022-05-01#saddlebacklagac_th_place"
"151","Wizard_2002",1,8,0.625,0.244863216366552,0.914766585862746,15,"Green Tron","1","https://magic.wizards.com/en/articles/archive/mtgo-standings/modern-challenge-2022-05-02#wizard__th_place"
"152","bellfy",1,7,0.714285714285714,0.290420863737343,0.963307433823914,15,"Temur Footfalls","1","https://magic.wizards.com/en/articles/archive/mtgo-standings/modern-challenge-2022-05-02#bellfy_th_place"
"153","jundilion",1,7,0.714285714285714,0.290420863737343,0.963307433823914,15,"Blue Living End","1","https://magic.wizards.com/en/articles/archive/mtgo-standings/modern-challenge-2022-05-02#jundilion_th_place"
"154","Rosiedog88",1,7,0.714285714285714,0.290420863737343,0.963307433823914,15,"Burn","1","https://magic.wizards.com/en/articles/archive/mtgo-standings/modern-challenge-2022-05-02#rosiedog_th_place"
"155","ginp",1,7,0.714285714285714,0.290420863737343,0.963307433823914,15,"Titan Shift","1","https://magic.wizards.com/en/articles/archive/mtgo-standings/modern-challenge-2022-05-02#ginp_th_place"
"156","Motown123",1,7,0.714285714285714,0.290420863737343,0.963307433823914,15,"Merfolk","1","https://magic.wizards.com/en/articles/archive/mtgo-standings/modern-challenge-2022-05-02#motown_th_place"
"157","matyo804",1,7,0.714285714285714,0.290420863737343,0.963307433823914,15,"Amulet Titan","1","https://magic.wizards.com/en/articles/archive/mtgo-standings/modern-challenge-2022-05-02#matyo_st_place"
"158","Hiro_Hsiang",1,7,0.714285714285714,0.290420863737343,0.963307433823914,15,"Izzet Murktide","1","https://magic.wizards.com/en/articles/archive/mtgo-standings/modern-challenge-2022-05-02#hiro_hsiang_nd_place"
"159","WingedHussar",1,8,0.625,0.244863216366552,0.914766585862746,15,"Blue Living End","1","https://magic.wizards.com/en/articles/archive/mtgo-standings/modern-showcase-challenge-2022-05-08#wingedhussar_th_place"
"160","iloveyou",1,8,0.625,0.244863216366552,0.914766585862746,15,"Izzet Murktide","1","https://magic.wizards.com/en/articles/archive/mtgo-standings/modern-showcase-challenge-2022-05-08#iloveyou_th_place"
"161","BomattCourier",1,8,0.625,0.244863216366552,0.914766585862746,15,"Dimir Control","1","https://magic.wizards.com/en/articles/archive/mtgo-standings/modern-showcase-challenge-2022-05-08#bomattcourier_th_place"
"162","Kaijimmy",1,8,0.625,0.244863216366552,0.914766585862746,15,"Elementals","1","https://magic.wizards.com/en/articles/archive/mtgo-standings/modern-showcase-challenge-2022-05-08#kaijimmy_st_place"
"163","Kuhb",1,8,0.625,0.244863216366552,0.914766585862746,15,"Izzet Murktide","1","https://magic.wizards.com/en/articles/archive/mtgo-standings/modern-showcase-challenge-2022-05-08#kuhb_nd_place"
"164","selesneal",1,7,0.714285714285714,0.290420863737343,0.963307433823914,15,"Naya Saga","1","https://magic.wizards.com/en/articles/archive/mtgo-standings/modern-challenge-2022-05-09#selesneal_th_place"
"165","patheus_84",1,7,0.714285714285714,0.290420863737343,0.963307433823914,15,"Temur Footfalls","1","https://magic.wizards.com/en/articles/archive/mtgo-standings/modern-challenge-2022-05-09#patheus__th_place"
"166","Souze6",1,7,0.714285714285714,0.290420863737343,0.963307433823914,15,"Jund Saga","1","https://magic.wizards.com/en/articles/archive/mtgo-standings/modern-challenge-2022-05-09#souze_th_place"
"167","lars_duken",1,7,0.714285714285714,0.290420863737343,0.963307433823914,15,"Affinity","1","https://magic.wizards.com/en/articles/archive/mtgo-standings/modern-challenge-2022-05-09#lars_duken_th_place"
"168","JulianJohn",1,7,0.714285714285714,0.290420863737343,0.963307433823914,15,"Izzet Prowess","1","https://magic.wizards.com/en/articles/archive/mtgo-standings/modern-challenge-2022-05-09#julianjohn_th_place"
"169","Do0mSwitch",1,7,0.714285714285714,0.290420863737343,0.963307433823914,15,"Izzet Murktide","1","https://magic.wizards.com/en/articles/archive/mtgo-standings/modern-challenge-2022-05-09#domswitch_th_place"
"170","maxbv",1,7,0.571428571428571,0.184051567640083,0.901011721557492,12,"Temur Murktide","1","https://magic.wizards.com/en/articles/archive/mtgo-standings/modern-challenge-2022-04-18#maxbv_nd_place"
"171","Jeppeapan",1,7,0.571428571428571,0.184051567640083,0.901011721557492,12,"Elementals","1","https://magic.wizards.com/en/articles/archive/mtgo-standings/modern-challenge-2022-04-18#jeppeapan_rd_place"
"172","KingHairy",1,7,0.571428571428571,0.184051567640083,0.901011721557492,12,"WURG Blink","1","https://magic.wizards.com/en/articles/archive/mtgo-standings/modern-challenge-2022-04-18#kinghairy_th_place"
"173","Bryzem1",1,7,0.571428571428571,0.184051567640083,0.901011721557492,12,"Izzet Murktide","1","https://magic.wizards.com/en/articles/archive/mtgo-standings/modern-challenge-2022-04-18#bryzem_th_place"
"174","karma_00",1,7,0.571428571428571,0.184051567640083,0.901011721557492,12,"Izzet Murktide","1","https://magic.wizards.com/en/articles/archive/mtgo-standings/modern-challenge-2022-04-18#karma__st_place"
"175","cws",1,7,0.571428571428571,0.184051567640083,0.901011721557492,12,"Dredge","1","https://magic.wizards.com/en/articles/archive/mtgo-standings/modern-challenge-2022-04-24#cws_th_place"
"176","mcrmy4lyf",1,7,0.571428571428571,0.184051567640083,0.901011721557492,12,"Tameshi Bloom","1","https://magic.wizards.com/en/articles/archive/mtgo-standings/modern-challenge-2022-04-24#mcrmylyf_th_place"
"177","Droche",1,7,0.571428571428571,0.184051567640083,0.901011721557492,12,"Dimir Shadow","1","https://magic.wizards.com/en/articles/archive/mtgo-standings/modern-challenge-2022-04-24#droche_th_place"
"178","adebevoise",1,7,0.571428571428571,0.184051567640083,0.901011721557492,12,"Jund Saga","1","https://magic.wizards.com/en/articles/archive/mtgo-standings/modern-challenge-2022-04-24#adebevoise_st_place"
"179","SunofNothing",1,7,0.571428571428571,0.184051567640083,0.901011721557492,12,"Izzet Murktide","1","https://magic.wizards.com/en/articles/archive/mtgo-standings/modern-challenge-2022-04-24#sunofnothing_nd_place"
"180","2radMTG",1,7,0.571428571428571,0.184051567640083,0.901011721557492,12,"Amulet Titan","1","https://magic.wizards.com/en/articles/archive/mtgo-standings/modern-challenge-2022-04-25#radmtg_st_place"
"181","Alakai",1,7,0.571428571428571,0.184051567640083,0.901011721557492,12,"Blue Living End","1","https://magic.wizards.com/en/articles/archive/mtgo-standings/modern-challenge-2022-04-25#alakai_nd_place"
"182","jakobpablo",1,7,0.571428571428571,0.184051567640083,0.901011721557492,12,"Izzet Murktide","1","https://magic.wizards.com/en/articles/archive/mtgo-standings/modern-challenge-2022-04-25#jakobpablo_th_place"
"183","aManatease",1,7,0.571428571428571,0.184051567640083,0.901011721557492,12,"Affinity","1","https://magic.wizards.com/en/articles/archive/mtgo-standings/modern-challenge-2022-04-25#amanatease_th_place"
"184","CavalloGoloso",1,7,0.571428571428571,0.184051567640083,0.901011721557492,12,"Jeskai Control","1","https://magic.wizards.com/en/articles/archive/mtgo-standings/modern-challenge-2022-04-25#cavallogoloso_th_place"
"185","kefka27",1,7,0.571428571428571,0.184051567640083,0.901011721557492,12,"Izzet Murktide","1","https://magic.wizards.com/en/articles/archive/mtgo-standings/modern-challenge-2022-04-25#kefka_th_place"
"186","BrokenPots_CB",1,7,0.571428571428571,0.184051567640083,0.901011721557492,12,"Kiki Chord","1","https://magic.wizards.com/en/articles/archive/mtgo-standings/modern-challenge-2022-05-01#brokenpots_cb_th_place"
"187","kurohiren",1,7,0.571428571428571,0.184051567640083,0.901011721557492,12,"Yawgmoth","1","https://magic.wizards.com/en/articles/archive/mtgo-standings/modern-challenge-2022-05-01#kurohiren_th_place"
"188","Bullz0Eye",1,7,0.571428571428571,0.184051567640083,0.901011721557492,12,"Temur Footfalls","1","https://magic.wizards.com/en/articles/archive/mtgo-standings/modern-challenge-2022-05-01#bullzeye_th_place"
"189","allosaurus_rider",1,7,0.571428571428571,0.184051567640083,0.901011721557492,12,"Belcher","1","https://magic.wizards.com/en/articles/archive/mtgo-standings/modern-challenge-2022-05-01#allosaurus_rider_st_place"
"190","ColletClow",1,7,0.571428571428571,0.184051567640083,0.901011721557492,12,"Hammer Time","1","https://magic.wizards.com/en/articles/archive/mtgo-standings/modern-challenge-2022-05-02#colletclow_rd_place"
"191","E_Riot_Rides",1,7,0.571428571428571,0.184051567640083,0.901011721557492,12,"Coffers Control","1","https://magic.wizards.com/en/articles/archive/mtgo-standings/modern-challenge-2022-05-02#e_riot_rides_th_place"
"192","qqqwwweee",1,7,0.571428571428571,0.184051567640083,0.901011721557492,12,"Grixis Shadow","1","https://magic.wizards.com/en/articles/archive/mtgo-standings/modern-challenge-2022-05-02#qqqwwweee_th_place"
"193","matiaskm",1,7,0.571428571428571,0.184051567640083,0.901011721557492,12,"Izzet Murktide","1","https://magic.wizards.com/en/articles/archive/mtgo-standings/modern-challenge-2022-05-02#matiaskm_th_place"
"194","BoBandy08",1,7,0.571428571428571,0.184051567640083,0.901011721557492,12,"Dredge","1","https://magic.wizards.com/en/articles/archive/mtgo-standings/modern-challenge-2022-05-02#bobandy_th_place"
"195","Impose_Fate",1,7,0.571428571428571,0.184051567640083,0.901011721557492,12,"Elementals","1","https://magic.wizards.com/en/articles/archive/mtgo-standings/modern-challenge-2022-05-02#impose_fate_th_place"
"196","RabidBuffalo",1,7,0.571428571428571,0.184051567640083,0.901011721557492,12,"Esper Control","1","https://magic.wizards.com/en/articles/archive/mtgo-standings/modern-challenge-2022-05-02#rabidbuffalo_st_place"
"197","Baku_91",1,7,0.571428571428571,0.184051567640083,0.901011721557492,12,"Affinity","1","https://magic.wizards.com/en/articles/archive/mtgo-standings/modern-challenge-2022-05-09#baku__st_place"
"198","Bradderskull",1,7,0.571428571428571,0.184051567640083,0.901011721557492,12,"Yawgmoth","1","https://magic.wizards.com/en/articles/archive/mtgo-standings/modern-challenge-2022-05-09#bradderskull_nd_place"
"199","Moniz0801",1,7,0.571428571428571,0.184051567640083,0.901011721557492,12,"Amulet Titan","1","https://magic.wizards.com/en/articles/archive/mtgo-standings/modern-challenge-2022-05-09#moniz_th_place"
"200","Lord_Beerus",1,7,0.571428571428571,0.184051567640083,0.901011721557492,12,"Burn","1","https://magic.wizards.com/en/articles/archive/mtgo-standings/modern-challenge-2022-05-09#lord_beerus_th_place"
"201","-=Alfa=-",1,7,0.571428571428571,0.184051567640083,0.901011721557492,12,"Gruul Titan","1","https://magic.wizards.com/en/articles/archive/mtgo-standings/modern-challenge-2022-05-09#-alfa-_th_place"
"202","Harryhaz1",1,7,0.571428571428571,0.184051567640083,0.901011721557492,12,"Burn","1","https://magic.wizards.com/en/articles/archive/mtgo-standings/modern-challenge-2022-05-09#harryhaz_th_place"
"203","staffmat1992",1,7,0.571428571428571,0.184051567640083,0.901011721557492,12,"Calibrated Blast","1","https://magic.wizards.com/en/articles/archive/mtgo-standings/modern-challenge-2022-05-09#staffmat_st_place"
"204","kanister",1,4,1,0.397635364383525,1,12,"Izzet Murktide","1","https://magic.wizards.com/en/articles/archive/mtgo-standings/modern-preliminary-2022-04-13#kanister_-"
"205","Funnyman31399",1,4,1,0.397635364383525,1,12,"Izzet Murktide","1","https://magic.wizards.com/en/articles/archive/mtgo-standings/modern-preliminary-2022-04-14#funnyman_-"
"206","Bolas299",1,4,1,0.397635364383525,1,12,"Merfolk","1","https://magic.wizards.com/en/articles/archive/mtgo-standings/modern-preliminary-2022-04-14#bolas_-"
"207","eggybenny",1,4,1,0.397635364383525,1,12,"Temur Footfalls","1","https://magic.wizards.com/en/articles/archive/mtgo-standings/modern-preliminary-2022-04-28#eggybenny_-"
"208","joebeats",1,4,1,0.397635364383525,1,12,"Izzet Murktide","1","https://magic.wizards.com/en/articles/archive/mtgo-standings/modern-preliminary-2022-04-28#joebeats_-"
"209","Stefano_o",1,4,1,0.397635364383525,1,12,"Yawgmoth","1","https://magic.wizards.com/en/articles/archive/mtgo-standings/modern-preliminary-2022-04-29#stefano_o_-"
"210","morticiansunion",1,4,0.75,0.194120449683243,0.99369053679029,9,"Dredge","1","https://magic.wizards.com/en/articles/archive/mtgo-standings/modern-preliminary-2022-04-13#morticiansunion_-"
"211","andrw1232",1,4,0.75,0.194120449683243,0.99369053679029,9,"Izzet Murktide","1","https://magic.wizards.com/en/articles/archive/mtgo-standings/modern-preliminary-2022-04-15#andrw_-"
"212","Hampuse1",1,4,0.75,0.194120449683243,0.99369053679029,9,"Eldrazi Tron","1","https://magic.wizards.com/en/articles/archive/mtgo-standings/modern-preliminary-2022-04-15#hampuse_-"
"213","Vitis_vinifera",1,4,0.75,0.194120449683243,0.99369053679029,9,"Burn","1","https://magic.wizards.com/en/articles/archive/mtgo-standings/modern-preliminary-2022-04-15#vitis_vinifera_-"
"214","grinderA",1,4,0.75,0.194120449683243,0.99369053679029,9,"Dredge","1","https://magic.wizards.com/en/articles/archive/mtgo-standings/modern-preliminary-2022-04-15#grindera_-"
"215","daminano16",1,4,0.75,0.194120449683243,0.99369053679029,9,"Green Tron","1","https://magic.wizards.com/en/articles/archive/mtgo-standings/modern-preliminary-2022-04-19#daminano_-"
"216","Matti",1,4,0.75,0.194120449683243,0.99369053679029,9,"Izzet Murktide","1","https://magic.wizards.com/en/articles/archive/mtgo-standings/modern-preliminary-2022-04-19#matti_-"
"217","Rhianne",1,4,0.75,0.194120449683243,0.99369053679029,9,"Dredge","1","https://magic.wizards.com/en/articles/archive/mtgo-standings/modern-preliminary-2022-04-19#rhianne_-"
"218","azax",1,4,0.75,0.194120449683243,0.99369053679029,9,"Izzet Murktide","1","https://magic.wizards.com/en/articles/archive/mtgo-standings/modern-preliminary-2022-04-22#azax_-"
"219","mikadocouks",1,4,0.75,0.194120449683243,0.99369053679029,9,"Phoenix","1","https://magic.wizards.com/en/articles/archive/mtgo-standings/modern-preliminary-2022-04-22#mikadocouks_-"
"220","Shalomas",1,4,0.75,0.194120449683243,0.99369053679029,9,"Hammer Time","1","https://magic.wizards.com/en/articles/archive/mtgo-standings/modern-preliminary-2022-04-23#shalomas_-"
"221","Isidore1412",1,4,0.75,0.194120449683243,0.99369053679029,9,"Jund Saga","1","https://magic.wizards.com/en/articles/archive/mtgo-standings/modern-preliminary-2022-04-23#isidore_-"
"222","Simaomero",1,4,0.75,0.194120449683243,0.99369053679029,9,"Temur Footfalls","1","https://magic.wizards.com/en/articles/archive/mtgo-standings/modern-preliminary-2022-04-26#simaomero_-"
"223","ConnorM426",1,4,0.75,0.194120449683243,0.99369053679029,9,"Blue Living End","1","https://magic.wizards.com/en/articles/archive/mtgo-standings/modern-preliminary-2022-04-28#connorm_-"
"224","jordanlidsky",1,4,0.75,0.194120449683243,0.99369053679029,9,"Azorius Control","1","https://magic.wizards.com/en/articles/archive/mtgo-standings/modern-preliminary-2022-04-28#jordanlidsky_-"
"225","Apeliotes",1,4,0.75,0.194120449683243,0.99369053679029,9,"Temur Footfalls","1","https://magic.wizards.com/en/articles/archive/mtgo-standings/modern-preliminary-2022-04-28#apeliotes_-"
"226","Erik157751",1,4,0.75,0.194120449683243,0.99369053679029,9,"Izzet Murktide","1","https://magic.wizards.com/en/articles/archive/mtgo-standings/modern-preliminary-2022-04-28#erik_-"
"227","Oderus Urungus",1,4,0.75,0.194120449683243,0.99369053679029,9,"Gruul Titan","1","https://magic.wizards.com/en/articles/archive/mtgo-standings/modern-preliminary-2022-04-29#oderus_urungus_-"
"228","JMAK2000",1,4,0.75,0.194120449683243,0.99369053679029,9,"Green Tron","1","https://magic.wizards.com/en/articles/archive/mtgo-standings/modern-preliminary-2022-04-30#jmak_-"
"229","The-Magic-Mana",1,4,0.75,0.194120449683243,0.99369053679029,9,"Izzet Murktide","1","https://magic.wizards.com/en/articles/archive/mtgo-standings/modern-preliminary-2022-05-03#the-magic-mana_-"
"230","KarnageKardsENT",1,4,0.75,0.194120449683243,0.99369053679029,9,"Green Tron","1","https://magic.wizards.com/en/articles/archive/mtgo-standings/modern-preliminary-2022-05-05#karnagekardsent_-"
"231","owlpathsofglory",1,4,0.75,0.194120449683243,0.99369053679029,9,"Burn","1","https://magic.wizards.com/en/articles/archive/mtgo-standings/modern-preliminary-2022-05-05#owlpathsofglory_-"
"232","Joseph7647",1,4,0.75,0.194120449683243,0.99369053679029,9,"Temur Footfalls","1","https://magic.wizards.com/en/articles/archive/mtgo-standings/modern-preliminary-2022-05-06#joseph_-"
"233","Aurelio",1,4,0.75,0.194120449683243,0.99369053679029,9,"Hammer Time","1","https://magic.wizards.com/en/articles/archive/mtgo-standings/modern-preliminary-2022-05-06#aurelio_-"
"234","PlaytoNguyen",1,4,0.75,0.194120449683243,0.99369053679029,9,"Yawgmoth","1","https://magic.wizards.com/en/articles/archive/mtgo-standings/modern-preliminary-2022-05-06#playtonguyen_-"
"235","tyaburi",1,4,0.75,0.194120449683243,0.99369053679029,9,"Blue Living End","1","https://magic.wizards.com/en/articles/archive/mtgo-standings/modern-preliminary-2022-05-07#tyaburi_-"
"236","bomberboss",1,4,0.75,0.194120449683243,0.99369053679029,9,"Mono Black Midrange","1","https://magic.wizards.com/en/articles/archive/mtgo-standings/modern-preliminary-2022-05-07#bomberboss_-"
